gene	start	end	length	strand	gc_content	genetic_code	rbs_motif	marker	evalue	bitscore	uscg	plasmid_hallmark	virus_hallmark	taxid	taxname	annotation_conjscan	annotation_amr	annotation_accessions	annotation_description
k121_36254_1	22	309	288	1	0.569	11	GGAGG	NA	NA	NA	0	0	0	1	NA	NA	NA	NA	NA
k121_36254_2	1365	1544	180	-1	0.511	11	GGA/GAG/AGG	NA	NA	NA	0	0	0	1	NA	NA	NA	NA	NA
k121_36254_3	1802	2764	963	-1	0.510	11	AGGA	GENOMAD.183507.PC	1.462e-91	304	0	0	0	1	NA	NA	NA	COG4313	NA
k121_36254_4	2824	3417	594	-1	0.556	11	None	NA	NA	NA	0	0	0	1	NA	NA	NA	NA	NA
k121_742728_1	3	593	591	-1	0.599	11	None	NA	NA	NA	0	0	0	1	NA	NA	NA	NA	NA
k121_742728_2	590	1702	1113	-1	0.568	11	None	GENOMAD.126777.CP	6.484e-20	95	0	0	0	2561	Caudoviricetes	NA	NA	PF17912;PF03459;COG3585;TIGR00638	MalK OB fold domain; TOBE domain
k121_742728_3	1706	2587	882	-1	0.591	11	AGGAG	NA	NA	NA	0	0	0	1	NA	NA	NA	NA	NA
k121_742728_4	2584	3477	894	-1	0.573	11	AGGA	NA	NA	NA	0	0	0	1	NA	NA	NA	NA	NA
k121_742728_5	3567	4820	1254	-1	0.635	11	GGAGG	GENOMAD.148391.CP	3.423e-11	68	0	0	0	1	NA	NA	NA	PF01547;TIGR03851;K10117;COG1653	carbohydrate ABC transporter, N-acetylglucosamine/diacetylchitobiose-binding protein
k121_742728_6	4872	6152	1281	-1	0.583	11	None	GENOMAD.168696.PC	1.498e-10	66	0	0	0	1	NA	NA	NA	PF07368;TIGR00407;COG0014;K18601	gamma-glutamyl phosphate reductase
k121_742728_7	6408	6761	354	-1	0.613	11	None	NA	NA	NA	0	0	0	1	NA	NA	NA	NA	NA
k121_833445_1	330	1928	1599	-1	0.628	11	None	GENOMAD.191400.PC	0.0003047	46	0	0	0	1	NA	NA	NA	NA	NA
k121_833445_2	2044	2391	348	-1	0.592	11	GGAG/GAGG	NA	NA	NA	0	0	0	1	NA	NA	NA	NA	NA
k121_833445_3	2388	2804	417	-1	0.578	11	None	NA	NA	NA	0	0	0	1	NA	NA	NA	NA	NA
k121_833445_4	2962	3234	273	1	0.579	11	None	GENOMAD.091940.PP	1.321e-20	87	0	0	0	1	NA	NA	NA	NA	NA
k121_833445_5	3414	3518	105	1	0.524	11	GGxGG	NA	NA	NA	0	0	0	1	NA	NA	NA	NA	NA
k121_258_1	3	242	240	-1	0.604	11	GGA/GAG/AGG	NA	NA	NA	0	0	0	1	NA	NA	NA	NA	NA
k121_258_2	825	2462	1638	1	0.623	11	GGA/GAG/AGG	GENOMAD.086232.PP	2.145e-27	121	0	0	0	1	NA	NA	NA	NA	NA
k121_258_3	3199	4785	1587	1	0.587	11	None	GENOMAD.214770.CP	2.267e-10	66	0	0	0	1	NA	NA	NA	PF11954	NA
k121_258_4	4886	5446	561	-1	0.537	11	GGAGG	GENOMAD.215542.PC	1.887e-23	100	0	0	0	1	NA	NA	NA	NA	NA
k121_258_5	5742	7829	2088	1	0.579	11	GGAG/GAGG	NA	NA	NA	0	0	0	1	NA	NA	NA	NA	NA
k121_258_6	7883	8983	1101	1	0.569	11	GGA/GAG/AGG	NA	NA	NA	0	0	0	1	NA	NA	NA	NA	NA
k121_258_7	9039	10628	1590	1	0.582	11	GGA/GAG/AGG	GENOMAD.147212.CP	1.572e-08	60	0	0	0	1	NA	NA	NF033085	PF00144;K18988;COG1680	CubicO group peptidase, beta-lactamase class C family
k121_258_8	10615	10770	156	-1	0.545	11	GGA/GAG/AGG	NA	NA	NA	0	0	0	1	NA	NA	NA	NA	NA
k121_258_9	10767	11141	375	-1	0.640	11	GGA/GAG/AGG	NA	NA	NA	0	0	0	1	NA	NA	NA	NA	NA
k121_258_10	11138	12457	1320	-1	0.618	11	GGAGG	GENOMAD.169508.VP	4.857e-24	109	0	0	1	2561	Caudoviricetes	NA	NA	PF04708;PF13262;COG1961;K14060	Site-specific DNA recombinase related to the DNA invertase Pin
k121_258_11	12454	12897	444	-1	0.624	11	AGGAGG	NA	NA	NA	0	0	0	1	NA	NA	NA	NA	NA
k121_398705_1	1	294	294	-1	0.602	11	GGA/GAG/AGG	NA	NA	NA	0	0	0	1	NA	NA	NA	NA	NA
k121_398705_2	468	689	222	-1	0.622	11	AGGAG	NA	NA	NA	0	0	0	1	NA	NA	NA	NA	NA
k121_398705_3	916	1647	732	-1	0.612	11	AGGA	GENOMAD.152492.CP	4.471e-39	148	0	0	0	1	NA	NA	NA	PF15977;K15861;TIGR03697;COG0664	global nitrogen regulator NtcA, cyanobacterial
k121_398705_4	1731	3398	1668	-1	0.653	11	None	NA	NA	NA	0	0	0	1	NA	NA	NA	NA	NA
k121_398705_5	3487	3564	78	-1	0.654	11	None	NA	NA	NA	0	0	0	1	NA	NA	NA	NA	NA
k121_90839_1	126	1148	1023	-1	0.621	11	AGGA/GGAG/GAGG	GENOMAD.137637.CP	6.694e-60	213	0	0	0	1	NA	NA	NA	PF00532;TIGR01481;COG1609;K02529	catabolite control protein A
k121_90839_2	1425	2441	1017	1	0.593	11	GGAG/GAGG	NA	NA	NA	0	0	0	1	NA	NA	NA	NA	NA
k121_90839_3	2549	3520	972	1	0.619	11	GGAGG	GENOMAD.145508.CP	3.626e-119	384	0	0	0	1	NA	NA	NA	PF02608;K02058;TIGR02634;COG4213	D-xylose ABC transporter, substrate-binding protein
k121_90839_4	3593	3679	87	1	0.667	11	GGxGG	NA	NA	NA	0	0	0	1	NA	NA	NA	NA	NA
k121_489549_1	90	1184	1095	1	0.310	11	None	NA	NA	NA	0	0	0	1	NA	NA	NA	NA	NA
k121_489549_2	1255	1902	648	1	0.321	11	None	NA	NA	NA	0	0	0	1	NA	NA	NA	NA	NA
k121_489549_3	1950	2510	561	-1	0.237	11	GGA/GAG/AGG	NA	NA	NA	0	0	0	1	NA	NA	NA	NA	NA
k121_489549_4	2625	2786	162	1	0.296	11	None	NA	NA	NA	0	0	0	1	NA	NA	NA	NA	NA
k121_489549_5	2804	3268	465	1	0.301	11	AGGA	NA	NA	NA	0	0	0	1	NA	NA	NA	NA	NA
k121_489549_6	3305	4228	924	1	0.302	11	None	NA	NA	NA	0	0	0	1	NA	NA	NA	NA	NA
k121_561977_1	2	457	456	1	0.566	11	None	NA	NA	NA	0	0	0	1	NA	NA	NA	NA	NA
k121_561977_2	502	2124	1623	1	0.588	11	GGxGG	NA	NA	NA	0	0	0	1	NA	NA	NA	NA	NA
k121_561977_3	2124	3197	1074	1	0.563	11	GGA/GAG/AGG	GENOMAD.124209.CP	1.51e-55	201	0	0	0	1	NA	NA	NA	PF00482;TIGR02120;COG1459;K10934	type II secretion system protein F
k121_561977_4	3194	3568	375	1	0.613	11	None	NA	NA	NA	0	0	0	1	NA	NA	NA	NA	NA
k121_290379_1	3	260	258	1	0.481	11	None	NA	NA	NA	0	0	0	1	NA	NA	NA	NA	NA
k121_290379_2	717	1061	345	-1	0.409	11	GGAG/GAGG	GENOMAD.116259.PC	8.456e-20	86	0	0	0	1	NA	NA	NA	COG5569	Periplasmic Cu and Ag efflux protein CusF
k121_290379_3	1069	1488	420	-1	0.455	11	GGA/GAG/AGG	NA	NA	NA	0	0	0	1	NA	NA	NA	NA	NA
k121_290379_4	1578	2072	495	-1	0.497	11	GGAG/GAGG	GENOMAD.170370.PC	5.103e-06	48	0	0	0	1	NA	NA	NA	PF00116;COG4454;TIGR04339;K02638	Uncharacterized copper-binding protein, cupredoxin-like subfamily
k121_290379_5	2095	3507	1413	-1	0.575	11	None	GENOMAD.197261.PC	3.076e-05	49	0	0	0	1	NA	NA	NA	K22349;COG2132	Multicopper oxidase with three cupredoxin domains (includes cell division protein FtsP and spore coat protein CotA)
k121_290379_6	3523	4956	1434	-1	0.613	11	GGAG/GAGG	GENOMAD.171558.PC	3.967e-147	473	0	0	0	1	NA	NA	NA	PF02321;K15725;TIGR01845;COG1538	efflux transporter, outer membrane factor (OMF) lipoprotein, NodT family
k121_290379_7	4953	5276	324	-1	0.537	11	GGAG/GAGG	GENOMAD.212945.PC	1.528e-26	105	0	0	0	1	NA	NA	NA	NA	NA
k121_290379_8	5385	6113	729	1	0.575	11	None	NA	NA	NA	0	0	0	1	NA	NA	NA	NA	NA
k121_290379_9	6114	6548	435	1	0.556	11	GGAG/GAGG	NA	NA	NA	0	0	0	1	NA	NA	NA	NA	NA
k121_181716_1	3	293	291	1	0.570	11	None	NA	NA	NA	0	0	0	1	NA	NA	NA	NA	NA
k121_181716_2	771	1358	588	1	0.583	11	GGAG/GAGG	NA	NA	NA	0	0	0	1	NA	NA	NA	NA	NA
k121_181716_3	1721	2863	1143	1	0.541	11	AGGA	NA	NA	NA	0	0	0	1	NA	NA	NA	NA	NA
k121_181716_4	3269	4501	1233	1	0.569	11	None	NA	NA	NA	0	0	0	1	NA	NA	NA	NA	NA
k121_181765_1	1	975	975	1	0.661	11	None	GENOMAD.206458.PC	6.852e-05	47	0	0	0	1	NA	NA	NA	PF06438;K12545	Heme-binding protein A (HasA)
k121_181765_2	1101	1808	708	1	0.581	11	GGAG/GAGG	NA	NA	NA	0	0	0	1	NA	NA	NA	NA	NA
k121_634694_1	2	466	465	1	0.561	11	None	NA	NA	NA	0	0	0	1	NA	NA	NA	NA	NA
k121_634694_2	475	792	318	1	0.550	11	None	GENOMAD.053511.PP	1.231e-43	154	0	1	0	1	NA	NA	NA	PF04956;K03197;COG3838	Type IV secretory pathway, VirB2 components (pilins)
k121_634694_3	796	1080	285	1	0.530	11	None	GENOMAD.119050.PC	1.084e-16	76	0	1	0	1	NA	T_virB3	NA	PF05101;K03198;COG3702	Type IV secretory pathway, VirB3 components
k121_634694_4	1084	1662	579	1	0.580	11	None	NA	NA	NA	0	0	0	1	NA	NA	NA	NA	NA
k121_634871_1	610	903	294	1	0.418	11	None	NA	NA	NA	0	0	0	1	NA	NA	NA	NA	NA
k121_634871_2	1538	2050	513	-1	0.384	11	GGAG/GAGG	NA	NA	NA	0	0	0	1	NA	NA	NA	NA	NA
k121_634871_3	2254	2439	186	1	0.511	11	AGGAG	NA	NA	NA	0	0	0	1	NA	NA	NA	NA	NA
k121_327020_1	30	236	207	-1	0.570	11	None	NA	NA	NA	0	0	0	1	NA	NA	NA	NA	NA
k121_327020_2	584	841	258	1	0.694	11	None	GENOMAD.159470.PC	0.0001223	41	0	0	0	1	NA	NA	NA	PF12910;K19165;COG2161;TIGR01552	Antitoxin component YafN of the YafNO toxin-antitoxin module, PHD/YefM family
k121_327020_3	841	1242	402	1	0.659	11	None	GENOMAD.181424.PC	1.913e-09	57	0	0	0	1	NA	NA	NA	PF14367;K18828;COG3742;TIGR00028	Uncharacterized protein, contains PIN domain
k121_327020_4	1388	1582	195	-1	0.662	11	None	NA	NA	NA	0	0	0	1	NA	NA	NA	NA	NA
k121_327020_5	1854	2204	351	1	0.684	11	GGAG/GAGG	GENOMAD.147021.PC	1.386e-47	166	0	0	0	1	NA	NA	NA	PF09722;COG5642;TIGR02293	Uncharacterized conserved protein, DUF2384 family
k121_327020_6	2204	2716	513	1	0.671	11	None	GENOMAD.130109.PC	1.46e-38	143	0	0	0	1	NA	NA	NA	PF08808;COG5654	Uncharacterized conserved protein, contains RES domain
k121_327020_7	2841	3398	558	-1	0.708	11	None	NA	NA	NA	0	0	0	1	NA	NA	NA	NA	NA
k121_73366_1	2	127	126	-1	0.698	11	GGA/GAG/AGG	NA	NA	NA	0	0	0	1	NA	NA	NA	NA	NA
k121_73366_2	266	670	405	-1	0.657	11	None	GENOMAD.208760.PC	8.57e-20	87	0	0	0	1	NA	NA	NA	PF02566;COG1765;TIGR03563;K07397	Uncharacterized OsmC-related protein
k121_73366_3	667	894	228	-1	0.627	11	AGGA	GENOMAD.137604.CP	8.474e-26	101	0	0	0	1	NA	NA	NA	PF10865;K00180;TIGR00412;COG4837	small redox-active disulfide protein 2
k121_73366_4	906	1904	999	-1	0.627	11	GGAG/GAGG	NA	NA	NA	0	0	0	1	NA	NA	NA	NA	NA
k121_73366_5	2112	2705	594	-1	0.677	11	None	NA	NA	NA	0	0	0	1	NA	NA	NA	NA	NA
k121_797968_1	871	3141	2271	-1	0.545	11	None	NA	NA	NA	0	0	0	1	NA	NA	NA	NA	NA
k121_797968_2	3222	3338	117	1	0.556	11	None	NA	NA	NA	0	0	0	1	NA	NA	NA	NA	NA
k121_345330_1	419	1600	1182	1	0.409	11	None	NA	NA	NA	0	0	0	1	NA	NA	NA	NA	NA
k121_345330_2	1659	1862	204	1	0.471	11	TAA	NA	NA	NA	0	0	0	1	NA	NA	NA	NA	NA
k121_345330_3	1904	2137	234	-1	0.376	11	TAA	NA	NA	NA	0	0	0	1	NA	NA	NA	NA	NA
k121_345330_4	2200	2547	348	1	0.405	11	TAAA	NA	NA	NA	0	0	0	1	NA	NA	NA	NA	NA
k121_55550_1	76	411	336	-1	0.420	11	TAAA	NA	NA	NA	0	0	0	1	NA	NA	NA	NA	NA
k121_55550_2	696	1106	411	1	0.418	11	None	NA	NA	NA	0	0	0	1	NA	NA	NA	NA	NA
k121_55550_3	1066	1803	738	1	0.425	11	AAAA	NA	NA	NA	0	0	0	1	NA	NA	NA	NA	NA
k121_55550_4	1982	2278	297	1	0.411	11	None	NA	NA	NA	0	0	0	1	NA	NA	NA	NA	NA
k121_55550_5	2864	4627	1764	1	0.383	11	None	NA	NA	NA	0	0	0	1	NA	NA	NA	NA	NA
k121_55550_6	4856	4987	132	1	0.417	11	AAAAA	NA	NA	NA	0	0	0	1	NA	NA	NA	NA	NA
k121_55550_7	5004	5156	153	-1	0.412	11	None	NA	NA	NA	0	0	0	1	NA	NA	NA	NA	NA
k121_798487_1	3	182	180	-1	0.572	11	GGA/GAG/AGG	NA	NA	NA	0	0	0	1	NA	NA	NA	NA	NA
k121_798487_2	235	1143	909	-1	0.682	11	None	GENOMAD.145601.CP	4.68e-45	168	0	0	0	1	NA	NA	NA	PF16913;K15269;COG2962;TIGR03340	Uncharacterized membrane protein RarD, contains two EamA domains
k121_798487_3	1247	2383	1137	-1	0.611	11	GGAGG	GENOMAD.095309.PP	1.061e-41	161	0	0	0	1	NA	NA	NA	PF03349;K06076;COG2067	Outer membrane protein transport protein (OMPP1/FadL/TodX)
k121_798487_4	2470	3159	690	-1	0.639	11	None	GENOMAD.160784.CP	7.691e-07	52	0	0	0	1	NA	NA	NA	PF06027;K15269;TIGR03340;COG2962	phosphonate utilization associated putative membrane protein
k121_472599_1	100	507	408	1	0.527	11	GGAG/GAGG	NA	NA	NA	0	0	0	1	NA	NA	NA	NA	NA
k121_472599_2	533	973	441	1	0.535	11	AGGA	GENOMAD.211124.PC	0.0001619	43	0	0	0	1	NA	NA	NA	PF14832;COG3232;TIGR00013	Putative oxalocrotonate tautomerase enzyme
k121_472599_3	1442	2473	1032	-1	0.601	11	GGA/GAG/AGG	NA	NA	NA	0	0	0	1	NA	NA	NA	NA	NA
k121_472599_4	2470	3780	1311	-1	0.589	11	GGA/GAG/AGG	NA	NA	NA	0	0	0	1	NA	NA	NA	NA	NA
k121_472599_5	3858	4313	456	1	0.607	11	None	GENOMAD.130467.CP	1.382e-21	93	0	0	0	1	NA	NA	NA	PF03965;K22489;TIGR04472;COG5631	mobile rSAM pair MarR family regulator
k121_472599_6	4310	4948	639	1	0.609	11	GGAG/GAGG	NA	NA	NA	0	0	0	1	NA	NA	NA	NA	NA
k121_472599_7	4955	5539	585	-1	0.566	11	None	NA	NA	NA	0	0	0	1	NA	NA	NA	NA	NA
k121_128548_1	1	1095	1095	-1	0.441	11	None	GENOMAD.093453.PC	2.646e-19	93	0	1	0	1	NA	MOBP1	NA	PF03432	Relaxase/Mobilisation nuclease domain
k121_653906_1	1	288	288	-1	0.354	11	GGAGG	NA	NA	NA	0	0	0	1	NA	NA	NA	NA	NA
k121_653906_2	1868	2443	576	1	0.556	11	GGAG/GAGG	NA	NA	NA	0	0	0	1	NA	NA	NA	NA	NA
k121_653906_3	2960	3652	693	-1	0.635	11	None	GENOMAD.180308.PC	0.0001395	45	0	0	0	1	NA	NA	NA	COG3713;K07274	Outer membrane scaffolding protein for murein synthesis, MipA/OmpV family
k121_853348_1	1	870	870	-1	0.413	11	None	NA	NA	NA	0	0	0	1	NA	NA	NA	NA	NA
k121_853348_2	930	2762	1833	-1	0.423	11	None	NA	NA	NA	0	0	0	1	NA	NA	NA	NA	NA
k121_455023_1	3	170	168	-1	0.435	11	GGA/GAG/AGG	GENOMAD.100869.PC	8.726e-10	54	0	1	0	1	NA	virb4	NA	PF11130;K12063;TIGR02746;COG3451	TraC protein
k121_455023_2	254	1003	750	-1	0.403	11	GGAG/GAGG	NA	NA	NA	0	0	0	1	NA	NA	NA	NA	NA
k121_455023_3	990	1130	141	-1	0.440	11	None	NA	NA	NA	0	0	0	1	NA	NA	NA	NA	NA
k121_491256_1	182	868	687	1	0.377	11	None	NA	NA	NA	0	0	0	1	NA	NA	NA	NA	NA
k121_491256_2	865	1482	618	1	0.382	11	None	NA	NA	NA	0	0	0	1	NA	NA	NA	NA	NA
k121_491256_3	1560	2324	765	1	0.329	11	TAA	NA	NA	NA	0	0	0	1	NA	NA	NA	NA	NA
k121_491256_4	2634	2834	201	1	0.398	11	TAA	NA	NA	NA	0	0	0	1	NA	NA	NA	NA	NA
k121_491256_5	2831	2968	138	1	0.370	11	None	NA	NA	NA	0	0	0	1	NA	NA	NA	NA	NA
k121_400665_1	3	509	507	1	0.698	11	None	NA	NA	NA	0	0	0	1	NA	NA	NA	NA	NA
k121_400665_2	506	2959	2454	1	0.656	11	None	NA	NA	NA	0	0	0	1	NA	NA	NA	NA	NA
k121_835403_1	1	2097	2097	-1	0.396	11	None	NA	NA	NA	0	0	0	1	NA	NA	NA	NA	NA
k121_835403_2	2155	2364	210	-1	0.314	11	AGGAG	GENOMAD.218194.CP	6.814e-18	78	0	0	0	1	NA	NA	NA	NA	NA
k121_835403_3	2354	2791	438	-1	0.345	11	AGGAG	GENOMAD.182421.CP	2.233e-22	95	0	0	0	1	NA	NA	NA	PF01850;COG5573;TIGR00028;K07064	Predicted nucleic acid-binding protein, contains PIN domain
k121_835403_4	2796	4088	1293	-1	0.350	11	GGAG/GAGG	NA	NA	NA	0	0	0	1	NA	NA	NA	NA	NA
k121_835403_5	4092	4226	135	-1	0.267	11	None	NA	NA	NA	0	0	0	1	NA	NA	NA	NA	NA
k121_835403_6	4282	4689	408	-1	0.382	11	AGxAGG/AGGxGG	NA	NA	NA	0	0	0	1	NA	NA	NA	NA	NA
k121_835403_7	4686	5006	321	-1	0.405	11	GGAG/GAGG	GENOMAD.178599.CP	1.618e-25	102	0	0	0	1	NA	NA	NA	PF18765;COG1669;K18236	Predicted nucleotidyltransferase
k121_835403_8	5048	5263	216	-1	0.310	11	AGGAG	GENOMAD.210067.PC	1.329e-34	126	0	0	0	1	NA	NA	NA	PF01954	AF2212-like
k121_835403_9	5253	5510	258	-1	0.360	11	AGGAG	GENOMAD.108132.PP	0.0002733	40	0	0	0	1	NA	NA	NA	NA	NA
k121_835403_10	5535	7148	1614	-1	0.391	11	GGA/GAG/AGG	NA	NA	NA	0	0	0	1	NA	NA	NA	NA	NA
k121_835403_11	7156	7374	219	-1	0.470	11	None	NA	NA	NA	0	0	0	1	NA	NA	NA	NA	NA
k121_273919_1	3	86	84	-1	0.643	11	None	NA	NA	NA	0	0	0	1	NA	NA	NA	NA	NA
k121_273919_2	148	1491	1344	-1	0.649	11	AGGA	GENOMAD.132353.CP	9.588e-12	70	0	0	0	1	NA	NA	NA	PF01547;TIGR03850;K05813;COG2182	carbohydrate ABC transporter substrate-binding protein, CPR_0540 family
k121_273919_3	1540	2316	777	-1	0.633	11	None	NA	NA	NA	0	0	0	1	NA	NA	NA	NA	NA
k121_273919_4	2387	5422	3036	-1	0.666	11	GGAG/GAGG	NA	NA	NA	0	0	0	1	NA	NA	NA	NA	NA
k121_273919_5	5446	6759	1314	-1	0.678	11	None	NA	NA	NA	0	0	0	1	NA	NA	NA	NA	NA
k121_273919_6	6759	7646	888	-1	0.672	11	GGAG/GAGG	GENOMAD.116442.CP	2.886e-35	139	0	0	0	1	NA	NA	NA	PF02653;K01997;COG4177;TIGR03409	ABC-type branched-chain amino acid transport system, permease component
k121_273919_7	7651	8352	702	-1	0.682	11	AGGA	NA	NA	NA	0	0	0	1	NA	NA	NA	NA	NA
k121_273919_8	8380	9537	1158	-1	0.668	11	AGGAG	GENOMAD.116969.CP	2.862e-17	87	0	0	0	1	NA	NA	NA	PF13433;K11959;TIGR03407;COG0683	urea ABC transporter, urea binding protein
k121_273919_9	9566	11362	1797	-1	0.677	11	AGGA	GENOMAD.118444.CP	2.084e-16	86	0	0	0	1	NA	NA	NA	COG0559	Branched-chain amino acid ABC-type transport system, permease component
k121_273919_10	11496	12440	945	1	0.688	11	GGA/GAG/AGG	GENOMAD.140932.CP	2.448e-33	134	0	0	0	1	NA	NA	NA	PF01380;PF01418;K19337;COG1737;TIGR03127	DNA-binding transcriptional regulator, MurR/RpiR family, contains HTH and SIS domains
k121_273919_11	12448	13095	648	1	0.651	11	GGA/GAG/AGG	NA	NA	NA	0	0	0	1	NA	NA	NA	NA	NA
k121_273919_12	13092	14420	1329	1	0.676	11	GGA/GAG/AGG	GENOMAD.206786.PC	2.289e-17	88	0	0	0	1	NA	NA	NA	PF16952;TIGR03105;COG0174;K20419	Glutamine synthetase N-terminal domain
k121_273919_13	14420	15169	750	1	0.700	11	GGA/GAG/AGG	GENOMAD.171214.CP	2.301e-70	239	0	0	0	1	NA	NA	NA	PF05013;COG3931;TIGR02017;K01458	Predicted N-formylglutamate amidohydrolase
k121_273919_14	15166	16035	870	-1	0.695	11	GGA/GAG/AGG	GENOMAD.124080.CP	0.0001126	46	0	0	0	1	NA	NA	NA	PF03466;PF00126;TIGR02424;K17737;COG0583	pca operon transcription factor PcaQ
k121_273919_15	16134	17699	1566	1	0.713	11	GGAG/GAGG	GENOMAD.115145.CP	6.302e-59	217	0	0	0	1	NA	NA	NA	K09822;COG3002	Uncharacterized conserved protein YbcC, UPF0753/DUF2309 family
k121_273919_16	17718	20096	2379	1	0.707	11	GGAG/GAGG	GENOMAD.115145.CP	1.012e-254	801	0	0	0	1	NA	NA	NA	K09822;COG3002	Uncharacterized conserved protein YbcC, UPF0753/DUF2309 family
k121_273919_17	20093	20911	819	1	0.674	11	GGA/GAG/AGG	NA	NA	NA	0	0	0	1	NA	NA	NA	NA	NA
k121_273919_18	21082	21222	141	1	0.638	11	GGAGG	NA	NA	NA	0	0	0	1	NA	NA	NA	NA	NA
k121_273919_19	21263	21772	510	1	0.641	11	GGAG/GAGG	NA	NA	NA	0	0	0	1	NA	NA	NA	NA	NA
k121_273919_20	21781	22254	474	1	0.595	11	GGA/GAG/AGG	NA	NA	NA	0	0	0	1	NA	NA	NA	NA	NA
k121_273919_21	22570	23223	654	1	0.654	11	AGGAG	NA	NA	NA	0	0	0	1	NA	NA	NA	NA	NA
k121_273919_22	23385	24434	1050	-1	0.653	11	None	NA	NA	NA	0	0	0	1	NA	NA	NA	NA	NA
k121_2587_1	1	156	156	-1	0.647	11	AGxAGG/AGGxGG	NA	NA	NA	0	0	0	1	NA	NA	NA	NA	NA
k121_2587_2	156	1169	1014	-1	0.655	11	None	NA	NA	NA	0	0	0	1	NA	NA	NA	NA	NA
k121_2587_3	1247	2191	945	-1	0.614	11	GGA/GAG/AGG	NA	NA	NA	0	0	0	1	NA	NA	NA	NA	NA
k121_2587_4	2365	3069	705	1	0.621	11	None	NA	NA	NA	0	0	0	1	NA	NA	NA	NA	NA
k121_2587_5	3050	3880	831	-1	0.631	11	None	NA	NA	NA	0	0	0	1	NA	NA	NA	NA	NA
k121_654709_1	3	2210	2208	1	0.388	11	None	NA	NA	NA	0	0	0	1	NA	NA	NA	NA	NA
k121_654709_2	2207	3391	1185	1	0.382	11	None	NA	NA	NA	0	0	0	1	NA	NA	NA	NA	NA
k121_473803_1	3	1553	1551	-1	0.356	11	TAA	NA	NA	NA	0	0	0	1	NA	NA	NA	NA	NA
k121_473803_2	1841	2371	531	-1	0.284	11	AAAAA	GENOMAD.195059.VP	2.885e-33	128	0	0	0	2561	Caudoviricetes	NA	NA	PF05732	Firmicute plasmid replication protein (RepL)
k121_473803_3	2755	3123	369	-1	0.293	11	None	NA	NA	NA	0	0	0	1	NA	NA	NA	NA	NA
k121_347070_1	3	221	219	-1	0.461	11	None	NA	NA	NA	0	0	0	1	NA	NA	NA	NA	NA
k121_347070_2	244	900	657	-1	0.492	11	GGAG/GAGG	NA	NA	NA	0	0	0	1	NA	NA	NA	NA	NA
k121_347070_3	900	2360	1461	-1	0.413	11	GGAGG	NA	NA	NA	0	0	0	1	NA	NA	NA	NA	NA
k121_437359_1	1	2457	2457	-1	0.646	11	AGGA	NA	NA	NA	0	0	0	1	NA	NA	NA	NA	NA
k121_202585_1	51	638	588	-1	0.430	11	AGGAG	NA	NA	NA	0	0	0	1	NA	NA	NA	NA	NA
k121_202585_2	641	1753	1113	-1	0.473	11	GGAG/GAGG	NA	NA	NA	0	0	0	1	NA	NA	NA	NA	NA
k121_202585_3	1750	2112	363	-1	0.397	11	GGxGG	NA	NA	NA	0	0	0	1	NA	NA	NA	NA	NA
k121_202585_4	2109	2522	414	-1	0.430	11	GGAGG	NA	NA	NA	0	0	0	1	NA	NA	NA	NA	NA
k121_202585_5	2519	2797	279	-1	0.452	11	GGAG/GAGG	NA	NA	NA	0	0	0	1	NA	NA	NA	NA	NA
k121_202585_6	3070	3513	444	1	0.426	11	3Base/5BMM	NA	NA	NA	0	0	0	1	NA	NA	NA	NA	NA
k121_202585_7	3632	3994	363	1	0.430	11	None	NA	NA	NA	0	0	0	1	NA	NA	NA	NA	NA
k121_546637_1	1	1713	1713	1	0.646	11	None	NA	NA	NA	0	0	0	1	NA	NA	NA	NA	NA
k121_546637_2	1713	3035	1323	1	0.602	11	GGAG/GAGG	GENOMAD.137385.CP	8.063e-07	54	0	0	0	1	NA	NA	NA	PF00529;K13408;TIGR01843;COG1566	type I secretion membrane fusion protein, HlyD family
k121_546637_3	3350	3622	273	1	0.637	11	None	NA	NA	NA	0	0	0	1	NA	NA	NA	NA	NA
k121_546637_4	4393	4662	270	-1	0.596	11	AGGA	NA	NA	NA	0	0	0	1	NA	NA	NA	NA	NA
k121_546637_5	4695	5102	408	1	0.625	11	GGAG/GAGG	NA	NA	NA	0	0	0	1	NA	NA	NA	NA	NA
k121_365699_1	3	1319	1317	1	0.355	11	None	NA	NA	NA	0	0	0	1	NA	NA	NA	NA	NA
k121_365699_2	1562	1861	300	-1	0.413	11	AGGAG	NA	NA	NA	0	0	0	1	NA	NA	NA	NA	NA
k121_365699_3	1904	2206	303	-1	0.462	11	None	NA	NA	NA	0	0	0	1	NA	NA	NA	NA	NA
k121_365699_4	2366	2734	369	1	0.409	11	None	NA	NA	NA	0	0	0	1	NA	NA	NA	NA	NA
k121_365699_5	3257	3937	681	1	0.429	11	None	NA	NA	NA	0	0	0	1	NA	NA	NA	NA	NA
k121_166408_1	294	1151	858	1	0.627	11	AGGAG	NA	NA	NA	0	0	0	1	NA	NA	NA	NA	NA
k121_166408_2	992	1321	330	-1	0.606	11	AGGA	NA	NA	NA	0	0	0	1	NA	NA	NA	NA	NA
k121_166408_3	1343	2293	951	1	0.634	11	GGAGG	GENOMAD.167615.CP	7.572e-06	50	0	0	0	1	NA	NA	NA	PF12683;K10549;COG4213;TIGR02955	ABC-type xylose transport system, periplasmic component
k121_166408_4	2366	3886	1521	1	0.616	11	GGA/GAG/AGG	NA	NA	NA	0	0	0	1	NA	NA	NA	NA	NA
k121_166408_5	3886	4914	1029	1	0.613	11	None	NA	NA	NA	0	0	0	1	NA	NA	NA	NA	NA
k121_166408_6	5301	5465	165	-1	0.564	11	GGA/GAG/AGG	NA	NA	NA	0	0	0	1	NA	NA	NA	NA	NA
k121_166408_7	5528	5662	135	-1	0.637	11	None	NA	NA	NA	0	0	0	1	NA	NA	NA	NA	NA
k121_220683_1	1	1821	1821	1	0.656	11	None	NA	NA	NA	0	0	0	1	NA	NA	NA	NA	NA
k121_220683_2	1907	4462	2556	1	0.670	11	None	GENOMAD.020931.PP	0.0001376	48	0	0	0	1	NA	NA	NA	NA	NA
k121_220683_3	4558	4962	405	1	0.773	11	None	NA	NA	NA	0	0	0	1	NA	NA	NA	NA	NA
k121_854800_1	2	430	429	-1	0.648	11	None	NA	NA	NA	0	0	0	1	NA	NA	NA	NA	NA
k121_854800_2	585	2174	1590	1	0.638	11	GGAGG	NA	NA	NA	0	0	0	1	NA	NA	NA	NA	NA
k121_854800_3	2152	3276	1125	1	0.656	11	None	NA	NA	NA	0	0	0	1	NA	NA	NA	NA	NA
k121_854800_4	3287	4381	1095	1	0.645	11	GGAG/GAGG	GENOMAD.126777.CP	3.907e-15	80	0	0	0	2561	Caudoviricetes	NA	NA	PF17912;PF03459;COG3585;TIGR00638	MalK OB fold domain; TOBE domain
k121_854800_5	4381	5253	873	1	0.608	11	GGA/GAG/AGG	GENOMAD.116612.CP	1.858e-08	58	0	0	0	1	NA	NA	NA	PF00528;K02063;TIGR01253;COG1178	thiamine ABC transporter, permease protein
k121_854800_6	5254	5340	87	1	0.713	11	GGAG/GAGG	NA	NA	NA	0	0	0	1	NA	NA	NA	NA	NA
k121_347622_1	2	343	342	1	0.401	11	None	NA	NA	NA	0	0	0	1	NA	NA	NA	NA	NA
k121_347622_2	589	879	291	1	0.371	11	None	GENOMAD.211577.PC	1.266e-23	96	0	0	0	1	NA	NA	NA	PF10047;COG5559	NA
k121_347622_3	876	1289	414	1	0.362	11	GGAG/GAGG	GENOMAD.214417.PC	3.806e-30	117	0	0	0	1	NA	NA	NA	PF01850;TIGR00028;COG4374;K07064	toxin-antitoxin system PIN domain toxin
k121_347622_4	1299	5306	4008	1	0.443	11	None	NA	NA	NA	0	0	0	1	NA	NA	NA	NA	NA
k121_347622_5	5375	7255	1881	1	0.422	11	None	GENOMAD.197509.PC	6.072e-10	65	0	0	0	1	NA	NA	NA	NA	NA
k121_347622_6	7252	8046	795	1	0.382	11	None	GENOMAD.162302.CP	1.916e-22	100	0	0	0	1	NA	NA	NA	PF13091;COG3886	PLD-like domain
k121_112332_1	2	658	657	-1	0.696	11	GGA/GAG/AGG	GENOMAD.196837.PC	1.557e-09	60	0	0	0	1	NA	NA	NA	PF16867;K16953	Dimethlysulfonioproprionate lyase
k121_112332_2	664	1503	840	-1	0.620	11	AGGA	GENOMAD.116612.CP	1.007e-11	68	0	0	0	1	NA	NA	NA	PF00528;K02063;TIGR01253;COG1178	thiamine ABC transporter, permease protein
k121_112332_3	1500	2474	975	-1	0.630	11	None	NA	NA	NA	0	0	0	1	NA	NA	NA	NA	NA
k121_112332_4	2477	3199	723	-1	0.653	11	None	GENOMAD.122998.CP	4.227e-07	53	0	0	0	1	NA	NA	NA	PF17912	MalK OB fold domain
k121_602017_1	521	1978	1458	-1	0.597	11	4Base/6BMM	NA	NA	NA	0	0	0	1	NA	NA	NA	NA	NA
k121_602017_2	1995	2495	501	-1	0.561	11	GGA/GAG/AGG	NA	NA	NA	0	0	0	1	NA	NA	NA	NA	NA
k121_602017_3	2514	2810	297	-1	0.562	11	GGAGG	GENOMAD.196794.PC	1.083e-10	59	0	0	0	1	NA	NA	NA	PF09626;K00386;COG2863;TIGR03908	Dihaem cytochrome c
k121_602017_4	2807	4042	1236	-1	0.612	11	GGAGG	GENOMAD.169879.CP	4.466e-13	74	0	0	0	1	NA	NA	NA	PF00174;PF03404;TIGR04555;K05301;COG2041	sulfite dehydrogenase
k121_602017_5	4312	4923	612	1	0.626	11	AGGAG	NA	NA	NA	0	0	0	1	NA	NA	NA	NA	NA
k121_294201_1	2	115	114	-1	0.439	11	None	GENOMAD.196530.CP	1.335e-11	58	0	0	0	1	NA	NA	NA	NA	NA
k121_294201_2	302	601	300	1	0.340	11	None	GENOMAD.196336.CP	1.017e-11	62	0	0	0	1	NA	NA	NA	NA	NA
k121_294201_3	579	833	255	1	0.357	11	None	NA	NA	NA	0	0	0	1	NA	NA	NA	NA	NA
k121_294201_4	820	1236	417	-1	0.317	11	TAAAAA	GENOMAD.166599.CP	1.381e-41	150	0	0	0	1	NA	NA	NA	PF01850;K07065;TIGR00028;COG3744	toxin-antitoxin system PIN domain toxin
k121_294201_5	1233	1481	249	-1	0.341	11	AATAA	GENOMAD.205824.CP	1.574e-15	72	0	0	0	1	NA	NA	NA	PF10047;COG5559	NA
k121_294201_6	1690	3402	1713	-1	0.341	11	TAAA	NA	NA	NA	0	0	0	1	NA	NA	NA	NA	NA
k121_294201_7	3560	4129	570	-1	0.407	11	None	GENOMAD.081349.PP	1.86e-08	56	0	0	0	1	NA	NA	NA	COG1569	Predicted nucleic acid-binding protein, contains PIN domain
k121_294201_8	4129	4614	486	-1	0.469	11	None	NA	NA	NA	0	0	0	1	NA	NA	NA	NA	NA
k121_584095_1	3	152	150	1	0.673	11	None	NA	NA	NA	0	0	0	1	NA	NA	NA	NA	NA
k121_584095_2	255	1244	990	1	0.619	11	3Base/5BMM	NA	NA	NA	0	0	0	1	NA	NA	NA	NA	NA
k121_584095_3	1180	1575	396	-1	0.593	11	None	GENOMAD.205223.PC	1.193e-14	72	0	0	0	1	NA	NA	NA	PF04138;COG2246	Putative flippase GtrA (transmembrane translocase of bactoprenol-linked glucose)
k121_584095_4	1563	2171	609	-1	0.601	11	GGxGG	NA	NA	NA	0	0	0	1	NA	NA	NA	NA	NA
k121_584095_5	2168	3010	843	-1	0.618	11	GGA/GAG/AGG	NA	NA	NA	0	0	0	1	NA	NA	NA	NA	NA
k121_584095_6	3117	3248	132	1	0.591	11	GGAG/GAGG	NA	NA	NA	0	0	0	1	NA	NA	NA	NA	NA
k121_584095_7	3245	3394	150	1	0.613	11	AGGAG	GENOMAD.182682.PC	1.076e-05	42	0	0	0	1	NA	NA	NA	PF05545;COG4736;K00407;TIGR00847	Cbb3-type cytochrome oxidase, subunit 3
k121_584095_8	3602	5302	1701	1	0.653	11	GGxGG	GENOMAD.206252.CP	2.618e-98	335	0	0	0	1	NA	NA	NA	PF10081;COG2267	Alpha/beta-hydrolase family
k121_584095_9	5526	6140	615	-1	0.650	11	GGA/GAG/AGG	NA	NA	NA	0	0	0	1	NA	NA	NA	NA	NA
k121_584095_10	6313	7506	1194	1	0.659	11	GGAG/GAGG	NA	NA	NA	0	0	0	1	NA	NA	NA	NA	NA
k121_584095_11	7517	7621	105	1	0.638	11	AGGAG	NA	NA	NA	0	0	0	1	NA	NA	NA	NA	NA
k121_294618_1	330	1109	780	-1	0.581	11	AGGAG	NA	NA	NA	0	0	0	1	NA	NA	NA	NA	NA
k121_294618_2	1099	1719	621	-1	0.604	11	4Base/6BMM	NA	NA	NA	0	0	0	1	NA	NA	NA	NA	NA
k121_294618_3	1824	2636	813	-1	0.578	11	AGGAG	NA	NA	NA	0	0	0	1	NA	NA	NA	NA	NA
k121_294618_4	2726	2869	144	-1	0.583	11	None	NA	NA	NA	0	0	0	1	NA	NA	NA	NA	NA
k121_331088_1	1	603	603	-1	0.638	11	None	NA	NA	NA	0	0	0	1	NA	NA	NA	NA	NA
k121_331088_2	742	1773	1032	-1	0.639	11	AGGA	NA	NA	NA	0	0	0	1	NA	NA	NA	NA	NA
k121_331088_3	1833	3140	1308	-1	0.613	11	AGGA	NA	NA	NA	0	0	0	1	NA	NA	NA	NA	NA
k121_729832_1	2	904	903	1	0.416	11	None	NA	NA	NA	0	0	0	1	NA	NA	NA	NA	NA
k121_729832_2	897	2141	1245	1	0.406	11	None	NA	NA	NA	0	0	0	1	NA	NA	NA	NA	NA
k121_729832_3	2186	3046	861	1	0.430	11	None	NA	NA	NA	0	0	0	1	NA	NA	NA	NA	NA
k121_77553_1	80	268	189	1	0.603	11	GGA/GAG/AGG	NA	NA	NA	0	0	0	1	NA	NA	NA	NA	NA
k121_77553_2	848	1033	186	1	0.538	11	AGGA	NA	NA	NA	0	0	0	1	NA	NA	NA	NA	NA
k121_77553_3	1199	1747	549	-1	0.577	11	AGGA	GENOMAD.178145.PC	2.307e-18	85	0	0	0	1	NA	NA	NA	PF00174;COG3915	Oxidoreductase molybdopterin binding domain
k121_77553_4	1826	2035	210	-1	0.490	11	GGA/GAG/AGG	NA	NA	NA	0	0	0	1	NA	NA	NA	NA	NA
k121_77553_5	2046	2264	219	-1	0.658	11	GGA/GAG/AGG	NA	NA	NA	0	0	0	1	NA	NA	NA	NA	NA
k121_77553_6	2486	2836	351	1	0.533	11	None	GENOMAD.162222.CP	0.0001598	42	0	0	0	1	NA	NA	NA	PF20024;TIGR04472;K15973;COG2005	mobile rSAM pair MarR family regulator
k121_77553_7	2833	2913	81	-1	0.519	11	None	NA	NA	NA	0	0	0	1	NA	NA	NA	NA	NA
k121_875034_1	141	428	288	1	0.545	11	GGA/GAG/AGG	NA	NA	NA	0	0	0	1	NA	NA	NA	NA	NA
k121_875034_2	949	1278	330	1	0.627	11	GGAG/GAGG	NA	NA	NA	0	0	0	1	NA	NA	NA	NA	NA
k121_875034_3	1537	3159	1623	1	0.591	11	None	NA	NA	NA	0	0	0	1	NA	NA	NA	NA	NA
k121_386015_1	2	640	639	1	0.441	11	None	GENOMAD.160380.CP	6.693e-29	117	0	0	0	1	NA	NA	NA	NA	NA
k121_386015_2	832	1236	405	1	0.370	11	GGAG/GAGG	NA	NA	NA	0	0	0	1	NA	NA	NA	NA	NA
k121_386015_3	1202	2116	915	1	0.415	11	None	GENOMAD.190869.PC	0.0001244	46	0	0	0	1	NA	NA	NA	NA	NA
k121_386015_4	2179	2430	252	1	0.401	11	None	NA	NA	NA	0	0	0	1	NA	NA	NA	NA	NA
k121_386015_5	2547	3590	1044	1	0.359	11	GGAG/GAGG	NA	NA	NA	0	0	0	1	NA	NA	NA	NA	NA
k121_386015_6	3795	3971	177	-1	0.463	11	None	NA	NA	NA	0	0	0	1	NA	NA	NA	NA	NA
k121_657954_1	3	2126	2124	1	0.411	11	None	NA	NA	NA	0	0	0	1	NA	NA	NA	NA	NA
k121_657954_2	2166	3134	969	1	0.395	11	GGAG/GAGG	GENOMAD.212411.PC	2.831e-103	338	0	0	0	1	NA	NA	NA	PF19993;COG3106;TIGR00041;K07893	Double-GTPase 2
k121_657954_3	3153	3527	375	1	0.363	11	GGA/GAG/AGG	NA	NA	NA	0	0	0	1	NA	NA	NA	NA	NA
k121_313905_1	253	465	213	1	0.347	11	AGGA	NA	NA	NA	0	0	0	1	NA	NA	NA	NA	NA
k121_313905_2	482	970	489	1	0.470	11	AGGAG	NA	NA	NA	0	0	0	1	NA	NA	NA	NA	NA
k121_313905_3	1037	1303	267	1	0.449	11	AGGA	NA	NA	NA	0	0	0	1	NA	NA	NA	NA	NA
k121_313905_4	1291	1980	690	1	0.410	11	None	NA	NA	NA	0	0	0	1	NA	NA	NA	NA	NA
k121_313905_5	2039	3016	978	-1	0.345	11	None	NA	NA	NA	0	0	0	1	NA	NA	NA	NA	NA
k121_313905_6	3013	3384	372	-1	0.398	11	AGGA	NA	NA	NA	0	0	0	1	NA	NA	NA	NA	NA
k121_313905_7	3390	3560	171	-1	0.363	11	None	NA	NA	NA	0	0	0	1	NA	NA	NA	NA	NA
k121_585830_1	3	833	831	1	0.533	11	None	NA	NA	NA	0	0	0	1	NA	NA	NA	NA	NA
k121_585830_2	1893	2825	933	-1	0.613	11	4Base/6BMM	NA	NA	NA	0	0	0	1	NA	NA	NA	NA	NA
k121_585830_3	2946	3836	891	1	0.615	11	GGAG/GAGG	GENOMAD.169827.CP	8.721e-24	105	0	0	0	1	NA	NA	NA	PF00487;COG3239;K02294	Fatty acid desaturase
k121_585830_4	3946	5232	1287	1	0.618	11	GGA/GAG/AGG	GENOMAD.128958.CP	7.169e-115	377	0	0	0	1	NA	NA	NA	PF00557;PF01321;TIGR02993;COG0006;K01271	ectoine utilization protein EutD
k121_585830_5	5298	6860	1563	1	0.612	11	AGGAG	GENOMAD.148437.PC	1.838e-09	63	0	0	0	1	NA	NA	NA	PF00496;PF12793;K11925;COG4533;TIGR04028	DNA-binding transcriptional regulator SgrR  of sgrS sRNA, contains a MarR-type HTH domain and a periplasmic-type solute-binding domain
k121_585830_6	6957	8516	1560	1	0.631	11	GGA/GAG/AGG	GENOMAD.145868.CP	1.353e-96	328	0	0	0	1	NA	NA	NA	PF06253;COG5598;TIGR02369	Trimethylamine:corrinoid methyltransferase
k121_585830_7	8506	10539	2034	1	0.585	11	GGAGG	NA	NA	NA	0	0	0	1	NA	NA	NA	NA	NA
k121_585830_8	10568	11335	768	-1	0.577	11	None	GENOMAD.176846.CP	9.265e-34	133	0	0	0	1	NA	NA	NA	PF12974;TIGR04553;K13040	putative selenate ABC transporter periplasmic binding protein
k121_585830_9	11416	12354	939	1	0.514	11	None	GENOMAD.209537.PC	3.901e-75	256	0	0	0	1	NA	NA	NA	PF00487;COG3239;K02294	Fatty acid desaturase
k121_585830_10	12367	12924	558	1	0.586	11	None	NA	NA	NA	0	0	0	1	NA	NA	NA	NA	NA
k121_767591_1	1	648	648	1	0.674	11	None	NA	NA	NA	0	0	0	1	NA	NA	NA	NA	NA
k121_767591_2	743	1537	795	1	0.658	11	GGAG/GAGG	NA	NA	NA	0	0	0	1	NA	NA	NA	NA	NA
k121_767591_3	1549	1998	450	1	0.653	11	GGAG/GAGG	NA	NA	NA	0	0	0	1	NA	NA	NA	NA	NA
k121_767591_4	2146	2346	201	1	0.622	11	3Base/5BMM	NA	NA	NA	0	0	0	1	NA	NA	NA	NA	NA
k121_767591_5	2392	2568	177	-1	0.610	11	GGA/GAG/AGG	NA	NA	NA	0	0	0	1	NA	NA	NA	NA	NA
k121_767591_6	2671	4476	1806	-1	0.594	11	GGA/GAG/AGG	GENOMAD.189398.CP	0.0003593	46	0	0	0	1	NA	NA	NA	PF13400;COG4655;TIGR03816;K12515	helicase/secretion neighborhood TadE-like protein
k121_767591_7	4473	4949	477	-1	0.593	11	GGA/GAG/AGG	NA	NA	NA	0	0	0	1	NA	NA	NA	NA	NA
k121_767591_8	5307	5627	321	1	0.617	11	None	NA	NA	NA	0	0	0	1	NA	NA	NA	NA	NA
k121_767591_9	6061	6774	714	1	0.633	11	AGGAG	GENOMAD.218357.PC	1.126e-44	164	0	0	0	1	NA	NA	NA	NA	NA
k121_767591_10	7788	8552	765	-1	0.620	11	GGA/GAG/AGG	NA	NA	NA	0	0	0	1	NA	NA	NA	NA	NA
k121_767591_11	8552	9715	1164	-1	0.616	11	GGAG/GAGG	NA	NA	NA	0	0	0	1	NA	NA	NA	NA	NA
k121_767591_12	9727	10749	1023	-1	0.617	11	GGAG/GAGG	GENOMAD.116442.CP	1.361e-08	59	0	0	0	1	NA	NA	NA	PF02653;K01997;COG4177;TIGR03409	ABC-type branched-chain amino acid transport system, permease component
k121_767591_13	10759	11547	789	-1	0.610	11	GGA/GAG/AGG	NA	NA	NA	0	0	0	1	NA	NA	NA	NA	NA
k121_767591_14	11618	12628	1011	-1	0.640	11	GGAGG	GENOMAD.147899.CP	1.398e-154	487	0	0	0	1	NA	NA	NA	PF02608;K02058;TIGR02637;COG1609	rhamnose ABC transporter, rhamnose-binding protein
k121_767591_15	12870	13619	750	1	0.657	11	None	GENOMAD.133667.CP	2.253e-07	54	0	0	0	1	NA	NA	NA	PF07840;PF07729;K22104;TIGR02812;COG2186	fatty acid metabolism transcriptional regulator FadR
k121_767591_16	13631	14509	879	1	0.635	11	GGAG/GAGG	NA	NA	NA	0	0	0	1	NA	NA	NA	NA	NA
k121_767591_17	14727	15260	534	1	0.644	11	GGA/GAG/AGG	NA	NA	NA	0	0	0	1	NA	NA	NA	NA	NA
k121_767591_18	15602	16075	474	1	0.652	11	GGAG/GAGG	GENOMAD.147215.CP	8.931e-08	53	0	0	0	1	NA	NA	NA	NA	NA
k121_767591_19	16184	16735	552	-1	0.674	11	None	NA	NA	NA	0	0	0	1	NA	NA	NA	NA	NA
k121_133051_1	2	88	87	-1	0.678	11	None	NA	NA	NA	0	0	0	1	NA	NA	NA	NA	NA
k121_133051_2	90	527	438	-1	0.671	11	None	NA	NA	NA	0	0	0	1	NA	NA	NA	NA	NA
k121_133051_3	524	1411	888	-1	0.673	11	GGA/GAG/AGG	NA	NA	NA	0	0	0	1	NA	NA	NA	NA	NA
k121_133051_4	1408	2199	792	-1	0.668	11	GGA/GAG/AGG	GENOMAD.146196.CP	6.585e-09	59	0	0	0	1	NA	NA	NA	PF03096;K01055;TIGR01250;COG2021	proline-specific peptidase, Bacillus coagulans-type subfamily
k121_133051_5	2196	2576	381	-1	0.630	11	None	NA	NA	NA	0	0	0	1	NA	NA	NA	NA	NA
k121_731010_1	2	373	372	-1	0.640	11	GGAG/GAGG	NA	NA	NA	0	0	0	1	NA	NA	NA	NA	NA
k121_731010_2	446	1891	1446	-1	0.695	11	GGAG/GAGG	GENOMAD.151301.CP	1.968e-35	145	0	0	0	1	NA	NA	NA	TIGR02713	allophanate hydrolase
k121_731010_3	1971	2225	255	-1	0.651	11	GGA/GAG/AGG	NA	NA	NA	0	0	0	1	NA	NA	NA	NA	NA
k121_731010_4	2284	2883	600	1	0.670	11	GGAG/GAGG	NA	NA	NA	0	0	0	1	NA	NA	NA	NA	NA
k121_640431_1	2	778	777	1	0.619	11	None	GENOMAD.157987.PC	0.0003781	44	0	0	0	1	NA	NA	NA	PF12833;K14063;TIGR02297;COG2207	4-hydroxyphenylacetate catabolism regulatory protein HpaA
k121_640431_2	1213	2094	882	-1	0.588	11	None	NA	NA	NA	0	0	0	1	NA	NA	NA	NA	NA
k121_640431_3	2091	2387	297	-1	0.579	11	None	NA	NA	NA	0	0	0	1	NA	NA	NA	NA	NA
k121_640431_4	2473	2655	183	-1	0.607	11	None	NA	NA	NA	0	0	0	1	NA	NA	NA	NA	NA
k121_640431_5	2953	3069	117	1	0.547	11	None	NA	NA	NA	0	0	0	1	NA	NA	NA	NA	NA
k121_459636_1	2	586	585	1	0.561	11	None	NA	NA	NA	0	0	0	1	NA	NA	NA	NA	NA
k121_459636_2	594	1379	786	1	0.603	11	GGA/GAG/AGG	NA	NA	NA	0	0	0	1	NA	NA	NA	NA	NA
k121_459636_3	1387	2148	762	1	0.556	11	3Base/5BMM	NA	NA	NA	0	0	0	1	NA	NA	NA	NA	NA
k121_658815_1	18	380	363	-1	0.570	11	AGGAGG	GENOMAD.195456.PC	1.035e-11	63	0	0	0	1	NA	NA	NA	PF09448;PF07110;TIGR02118;COG1359	Methylmuconolactone methyl-isomerase; EthD domain
k121_658815_2	377	1066	690	-1	0.558	11	AGGA	NA	NA	NA	0	0	0	1	NA	NA	NA	NA	NA
k121_658815_3	1066	1740	675	-1	0.545	11	GGA/GAG/AGG	NA	NA	NA	0	0	0	1	NA	NA	NA	NA	NA
k121_658815_4	1801	2610	810	-1	0.546	11	GGAGG	GENOMAD.160825.PC	1.093e-05	49	0	0	0	1	NA	NA	NA	PF00497;K02424;TIGR02995;COG0834	ectoine/hydroxyectoine ABC transporter solute-binding protein
k121_658815_5	2666	3388	723	-1	0.600	11	AGGAG/GGAGG	NA	NA	NA	0	0	0	1	NA	NA	NA	NA	NA
k121_658815_6	3385	5103	1719	-1	0.620	11	None	NA	NA	NA	0	0	0	1	NA	NA	NA	NA	NA
k121_658815_7	5391	5849	459	-1	0.638	11	3Base/5BMM	GENOMAD.140723.CP	9.732e-17	79	0	0	0	1	NA	NA	NA	PF17805;PF02295;K05800;COG1522;TIGR02702	DNA-binding transcriptional regulator, Lrp family
k121_658815_8	5984	6586	603	1	0.605	11	GGAGG	GENOMAD.166667.PC	3.408e-21	94	0	0	0	1	NA	NA	NA	NA	NA
k121_477953_1	3	290	288	1	0.490	11	None	NA	NA	NA	0	0	0	1	NA	NA	NA	NA	NA
k121_477953_2	696	851	156	-1	0.558	11	GGAG/GAGG	NA	NA	NA	0	0	0	1	NA	NA	NA	NA	NA
k121_477953_3	889	1284	396	1	0.556	11	None	GENOMAD.161213.CP	5.865e-14	70	0	0	0	1	NA	NA	NA	COG3932	NA
k121_477953_4	1318	2601	1284	1	0.586	11	GGA/GAG/AGG	NA	NA	NA	0	0	0	1	NA	NA	NA	NA	NA
k121_477953_5	2737	3288	552	1	0.558	11	GGAG/GAGG	NA	NA	NA	0	0	0	1	NA	NA	NA	NA	NA
k121_477953_6	3590	4621	1032	-1	0.598	11	AGGAG	NA	NA	NA	0	0	0	1	NA	NA	NA	NA	NA
k121_713438_1	735	1910	1176	1	0.634	11	AGGAG	GENOMAD.218531.PC	1.946e-132	426	0	0	0	1	NA	NA	NA	PF05721;COG5285;TIGR04436;K00477	Ectoine hydroxylase-related dioxygenase, phytanoyl-CoA dioxygenase (PhyH) family
k121_713438_2	1966	2472	507	-1	0.651	11	AGxAGG/AGGxGG	NA	NA	NA	0	0	0	1	NA	NA	NA	NA	NA
k121_43221_1	1	1017	1017	-1	0.626	11	None	GENOMAD.094251.PP	0.0006307	44	0	1	0	1	NA	NA	NA	PF11740;PF08274;TIGR04165;COG4416	Plasmid replication region DNA-binding N-term; PhnA Zinc-Ribbon
k121_858550_1	776	1813	1038	1	0.619	11	AGGAG	NA	NA	NA	0	0	0	1	NA	NA	NA	NA	NA
k121_858550_2	1956	2612	657	1	0.667	11	GGA/GAG/AGG	GENOMAD.189891.CP	3.326e-15	77	0	0	0	1	NA	NA	NA	PF01814;COG3945;K16276;TIGR03652	Hemerythrin-like domain
k121_858550_3	2663	3409	747	-1	0.672	11	None	GENOMAD.167954.CP	1.404e-66	228	0	0	0	1	NA	NA	NA	COG5429	Disulfide oxidoreductase YuzD
k121_858550_4	3605	6304	2700	-1	0.626	11	GGAG/GAGG	NA	NA	NA	0	0	0	1	NA	NA	NA	NA	NA
k121_858550_5	6562	7338	777	-1	0.623	11	AGxAGG/AGGxGG	NA	NA	NA	0	0	0	1	NA	NA	NA	NA	NA
k121_858550_6	7351	9192	1842	-1	0.645	11	GGA/GAG/AGG	NA	NA	NA	0	0	0	1	NA	NA	NA	NA	NA
k121_858550_7	9192	9572	381	-1	0.617	11	GGAG/GAGG	GENOMAD.154511.CP	8.592e-25	101	0	0	0	1	NA	NA	NA	PF05328;K00242;TIGR02968;COG2142	succinate dehydrogenase, hydrophobic membrane anchor protein
k121_858550_8	9572	9967	396	-1	0.634	11	GGA/GAG/AGG	GENOMAD.148276.CP	9.142e-18	81	0	0	0	1	NA	NA	NA	PF01127;TIGR02970;COG2009	succinate dehydrogenase, cytochrome b556 subunit
k121_858550_9	10129	10560	432	1	0.683	11	GGAG/GAGG	GENOMAD.159874.CP	2.136e-12	66	0	0	0	1	NA	NA	NA	PF10122;K03672;TIGR01206;COG1996	lysine biosynthesis protein LysW
k121_858550_10	10577	11161	585	-1	0.644	11	GGA/GAG/AGG	NA	NA	NA	0	0	0	1	NA	NA	NA	NA	NA
k121_858550_11	11495	11698	204	1	0.574	11	AGGAG	NA	NA	NA	0	0	0	1	NA	NA	NA	NA	NA
k121_858550_12	11727	11906	180	1	0.639	11	GGA/GAG/AGG	NA	NA	NA	0	0	0	1	NA	NA	NA	NA	NA
k121_858550_13	12095	12319	225	1	0.649	11	GGA/GAG/AGG	NA	NA	NA	0	0	0	1	NA	NA	NA	NA	NA
k121_858550_14	12333	12545	213	-1	0.648	11	GGA/GAG/AGG	NA	NA	NA	0	0	0	1	NA	NA	NA	NA	NA
k121_858550_15	12549	12812	264	-1	0.648	11	AGGA	GENOMAD.162171.PP	3.958e-16	74	0	0	0	1	NA	NA	NA	PF07369	NA
k121_858550_16	12809	13000	192	-1	0.667	11	AGGA	NA	NA	NA	0	0	0	1	NA	NA	NA	NA	NA
k121_858550_17	13193	13540	348	1	0.664	11	GGA/GAG/AGG	NA	NA	NA	0	0	0	1	NA	NA	NA	NA	NA
k121_858550_18	13567	13686	120	-1	0.575	11	GGAG/GAGG	GENOMAD.137780.PP	3.216e-05	40	0	0	0	1	NA	NA	NA	NA	NA
k121_858550_19	13959	14519	561	-1	0.642	11	None	NA	NA	NA	0	0	0	1	NA	NA	NA	NA	NA
k121_586775_1	3	83	81	-1	0.333	11	GGA/GAG/AGG	NA	NA	NA	0	0	0	1	NA	NA	NA	NA	NA
k121_586775_2	170	1033	864	-1	0.389	11	GGAG/GAGG	GENOMAD.138275.PV	0.0004694	44	0	1	0	1	NA	NA	NA	PF07506;PF02195;TIGR03454;COG1475;K03497	plasmid partitioning protein RepB
k121_586775_3	1026	1454	429	-1	0.371	11	None	NA	NA	NA	0	0	0	1	NA	NA	NA	NA	NA
k121_496541_1	2	1264	1263	1	0.458	11	None	NA	NA	NA	0	0	0	1	NA	NA	NA	NA	NA
k121_496541_2	1678	2361	684	1	0.314	11	AAAAA	NA	NA	NA	0	0	0	1	NA	NA	NA	NA	NA
k121_496541_3	2377	2688	312	1	0.324	11	TAA	NA	NA	NA	0	0	0	1	NA	NA	NA	NA	NA
k121_496541_4	2964	3548	585	-1	0.354	11	TAA	GENOMAD.213663.PC	1.361e-20	92	0	0	0	1	NA	NA	NA	NA	NA
k121_496541_5	3816	4058	243	1	0.432	11	TAA	NA	NA	NA	0	0	0	1	NA	NA	NA	NA	NA
k121_259745_1	932	1381	450	1	0.529	11	None	NA	NA	NA	0	0	0	1	NA	NA	NA	NA	NA
k121_259745_2	1423	4020	2598	-1	0.542	11	None	NA	NA	NA	0	0	0	1	NA	NA	NA	NA	NA
k121_259745_3	4327	6330	2004	-1	0.513	11	None	NA	NA	NA	0	0	0	1	NA	NA	NA	NA	NA
k121_79712_1	3	380	378	-1	0.540	11	AGGA	GENOMAD.109949.PC	8.699e-16	75	0	1	0	1	NA	T_virB9	NA	PF03524;K03204;TIGR02781;COG3504	P-type conjugative transfer protein VirB9
k121_79712_2	377	1486	1110	-1	0.585	11	None	GENOMAD.130028.PC	2.062e-31	130	0	1	0	1	NA	T_virB6	NA	K03201;COG3704	Type IV secretory pathway, VirB6 components
k121_406358_1	1	411	411	1	0.397	11	None	NA	NA	NA	0	0	0	1	NA	NA	NA	NA	NA
k121_406358_2	362	988	627	-1	0.410	11	None	GENOMAD.092174.PC	0.0001069	45	0	0	0	1	NA	NA	NA	NA	NA
k121_406358_3	1039	1455	417	1	0.396	11	AAAA	NA	NA	NA	0	0	0	1	NA	NA	NA	NA	NA
k121_406358_4	1876	2616	741	-1	0.371	11	None	NA	NA	NA	0	0	0	1	NA	NA	NA	NA	NA
k121_641696_1	2	853	852	-1	0.505	11	None	GENOMAD.172148.PC	2.64e-94	310	0	0	0	1	NA	NA	NA	PF02900;K04101;TIGR02298;COG3384	Catalytic LigB subunit of aromatic ring-opening dioxygenase
k121_641696_2	856	1296	441	-1	0.519	11	AGGAG	GENOMAD.190896.PC	4.194e-33	126	0	0	0	1	NA	NA	NA	PF07746;K04100;TIGR02792	protocatechuate 4,5-dioxygenase, alpha subunit
k121_641696_3	1296	2213	918	-1	0.517	11	GGA/GAG/AGG	GENOMAD.101065.PP	1.446e-05	49	0	0	0	1	NA	NA	NA	PF04909;K10221;COG3618	Predicted metal-dependent hydrolase, TIM-barrel fold
k121_641696_4	2249	2986	738	-1	0.499	11	None	GENOMAD.153564.CP	2.752e-19	90	0	0	0	1	NA	NA	NA	PF00497;TIGR02995;K10039;COG4623	ectoine/hydroxyectoine ABC transporter solute-binding protein
k121_532976_1	114	1508	1395	1	0.637	11	AGGAG	NA	NA	NA	0	0	0	1	NA	NA	NA	NA	NA
k121_532976_2	1573	2100	528	-1	0.633	11	GGA/GAG/AGG	GENOMAD.076743.PP	2.98e-07	52	0	0	0	1	NA	NA	NA	NA	NA
k121_532976_3	2267	2446	180	1	0.589	11	GGA/GAG/AGG	GENOMAD.018648.CC	1.365e-07	48	0	0	0	1	NA	NA	NA	PF13770	NA
k121_532976_4	2443	2688	246	1	0.602	11	None	NA	NA	NA	0	0	0	1	NA	NA	NA	NA	NA
k121_551019_1	151	708	558	1	0.568	11	None	GENOMAD.146603.PP	1.556e-12	68	0	0	0	1	NA	NA	NA	PF18367;TIGR02293;COG5642	Rv2175c C-terminal domain of unknown function
k121_551019_2	696	1331	636	1	0.527	11	None	GENOMAD.159307.PC	5.023e-20	91	0	0	0	1	NA	NA	NA	PF08808	RES domain
k121_551019_3	1346	2896	1551	-1	0.594	11	None	GENOMAD.197845.PC	1.073e-10	67	0	0	0	1	NA	NA	NA	PF02566;K00130;TIGR03563;COG1765	peroxiredoxin, SACOL1771 subfamily
k121_551019_4	2938	3246	309	1	0.592	11	None	GENOMAD.145302.CP	3.131e-09	55	0	0	0	1	NA	NA	NA	PF07969;TIGR00221;COG0402;K15358	N-acetylglucosamine-6-phosphate deacetylase
k121_515321_1	1	369	369	-1	0.667	11	AGGAG	NA	NA	NA	0	0	0	1	NA	NA	NA	NA	NA
k121_515321_2	762	2897	2136	1	0.631	11	None	NA	NA	NA	0	0	0	1	NA	NA	NA	NA	NA
k121_298094_1	705	1184	480	1	0.500	11	None	NA	NA	NA	0	0	0	1	NA	NA	NA	NA	NA
k121_298094_2	1803	2870	1068	1	0.571	11	GGAG/GAGG	NA	NA	NA	0	0	0	1	NA	NA	NA	NA	NA
k121_298094_3	2863	3030	168	-1	0.577	11	GGAG/GAGG	NA	NA	NA	0	0	0	1	NA	NA	NA	NA	NA
k121_298094_4	3269	3601	333	1	0.580	11	GGA/GAG/AGG	NA	NA	NA	0	0	0	1	NA	NA	NA	NA	NA
k121_298094_5	4255	7020	2766	1	0.625	11	AGGAG	GENOMAD.138263.CP	9.268e-06	52	0	0	0	1	NA	NA	NA	NA	NA
k121_298094_6	7017	7532	516	1	0.620	11	GGAG/GAGG	NA	NA	NA	0	0	0	1	NA	NA	NA	NA	NA
k121_298094_7	7543	8166	624	1	0.635	11	None	GENOMAD.208660.PC	2.055e-42	156	0	0	0	1	NA	NA	NA	NA	NA
k121_298094_8	8244	9161	918	1	0.561	11	AGGAG	NA	NA	NA	0	0	0	1	NA	NA	NA	NA	NA
k121_8168_1	3	71	69	-1	0.609	11	GGAG/GAGG	NA	NA	NA	0	0	0	1	NA	NA	NA	NA	NA
k121_8168_2	73	597	525	-1	0.670	11	GGA/GAG/AGG	GENOMAD.140319.CP	8.074e-19	86	0	0	0	1	NA	NA	NA	PF03975;COG1871;K03411	Chemotaxis receptor (MCP) glutamine deamidase CheD
k121_8168_3	597	986	390	-1	0.603	11	GGAG/GAGG	NA	NA	NA	0	0	0	1	NA	NA	NA	NA	NA
k121_8168_4	998	2026	1029	-1	0.663	11	GGAGG	GENOMAD.125879.CP	1.705e-17	87	0	0	0	1	NA	NA	NA	PF01339;K13924	CheB methylesterase
k121_8168_5	2023	2889	867	-1	0.651	11	GGA/GAG/AGG	GENOMAD.111713.CP	8.203e-41	155	0	0	0	1	NA	NA	NA	PF01739;PF20225;PF03705;K00575;COG1352;TIGR04345	Methylase of chemotaxis methyl-accepting proteins
k121_8168_6	2886	3356	471	-1	0.662	11	GGA/GAG/AGG	GENOMAD.123087.CP	1.037e-17	82	0	0	0	1	NA	NA	NA	PF01584;K03415;COG0835	Chemotaxis signal transduction protein
k121_8168_7	3362	5464	2103	-1	0.663	11	GGAG/GAGG	GENOMAD.116397.CP	1.29e-100	347	0	0	0	1	NA	NA	NA	PF14501;PF01584;PF01627;PF02895;K03407;COG0643;TIGR01924	Chemotaxis protein histidine kinase CheA
k121_8168_8	5478	5843	366	-1	0.656	11	AGGA	GENOMAD.132378.CP	1.619e-06	48	0	0	0	1	NA	NA	NF033117	PF16968;K02658;TIGR02875;COG3279	sporulation transcription factor Spo0A
k121_8168_9	5840	6136	297	-1	0.670	11	GGA/GAG/AGG	GENOMAD.216301.PC	2.677e-09	55	0	0	0	1	NA	NA	NA	PF13466;COG3113;TIGR00377;K04749	ABC-type transporter Mla maintaining outer membrane lipid asymmetry, MlaB component, contains STAS domain
k121_8168_10	6229	6762	534	-1	0.672	11	AGGA/GGAG/GAGG	GENOMAD.180920.PC	1.895e-29	117	0	0	0	1	NA	NA	NA	PF01814;COG3945;TIGR03652	Hemerythrin-like domain
k121_8168_11	6830	7750	921	-1	0.707	11	None	NA	NA	NA	0	0	0	1	NA	NA	NA	NA	NA
k121_8168_12	7747	8583	837	-1	0.665	11	GGAGG	NA	NA	NA	0	0	0	1	NA	NA	NA	NA	NA
k121_8168_13	8596	9942	1347	-1	0.662	11	GGAGG	GENOMAD.116442.CP	4.092e-07	55	0	0	0	1	NA	NA	NA	PF02653;K01997;COG4177;TIGR03409	ABC-type branched-chain amino acid transport system, permease component
k121_8168_14	10072	11127	1056	-1	0.650	11	GGAGG	GENOMAD.142047.CP	7.14e-09	60	0	0	0	1	NA	NA	NA	PF02608;K10439;TIGR02637;COG1609	rhamnose ABC transporter, rhamnose-binding protein
k121_8168_15	11346	12605	1260	1	0.692	11	GGA/GAG/AGG	NA	NA	NA	0	0	0	1	NA	NA	NA	NA	NA
k121_8168_16	12602	13939	1338	1	0.664	11	GGAG/GAGG	NA	NA	NA	0	0	0	1	NA	NA	NA	NA	NA
k121_8168_17	13936	15537	1602	1	0.654	11	GGAG/GAGG	NA	NA	NA	0	0	0	1	NA	NA	NA	NA	NA
k121_8168_18	15690	16883	1194	1	0.661	11	GGAG/GAGG	NA	NA	NA	0	0	0	1	NA	NA	NA	NA	NA
k121_8168_19	16880	18478	1599	1	0.696	11	None	GENOMAD.141464.CP	7.391e-66	238	0	0	0	1	NA	NA	NA	K05778;COG4135	ABC-type uncharacterized transport system YnjBCD, permease component
k121_8168_20	18469	19113	645	1	0.668	11	GGAGG	NA	NA	NA	0	0	0	1	NA	NA	NA	NA	NA
k121_8168_21	19106	19711	606	1	0.678	11	4Base/6BMM	NA	NA	NA	0	0	0	1	NA	NA	NA	NA	NA
k121_8168_22	20031	21167	1137	1	0.655	11	GGAG/GAGG	NA	NA	NA	0	0	0	1	NA	NA	NA	NA	NA
k121_8168_23	21266	21790	525	1	0.703	11	GGA/GAG/AGG	GENOMAD.075951.PP	6.304e-06	48	0	0	0	1	NA	NA	NA	PF13527;K03395;COG3818;TIGR02382	Acetyltransferase (GNAT) domain
k121_8168_24	21820	23241	1422	-1	0.667	11	AGxAGG/AGGxGG	NA	NA	NA	0	0	0	1	NA	NA	NA	NA	NA
k121_8168_25	23238	24104	867	-1	0.672	11	GGAG/GAGG	GENOMAD.123132.CP	2.884e-14	76	0	0	0	1	NA	NA	NA	PF13738;K17870;TIGR04018;COG1251	putative bacillithiol system oxidoreductase, YpdA family
k121_8168_26	24091	25446	1356	-1	0.678	11	GGA/GAG/AGG	NA	NA	NA	0	0	0	1	NA	NA	NA	NA	NA
k121_8168_27	25516	26271	756	-1	0.669	11	None	NA	NA	NA	0	0	0	1	NA	NA	NA	NA	NA
k121_298198_1	217	3369	3153	-1	0.728	11	None	GENOMAD.209387.PV	2.182e-05	51	0	0	0	1	NA	NA	NA	PF11740	Plasmid replication region DNA-binding N-term
k121_569903_1	1	483	483	1	0.598	11	None	NA	NA	NA	0	0	0	1	NA	NA	NA	NA	NA
k121_569903_2	501	806	306	1	0.611	11	GGA/GAG/AGG	NA	NA	NA	0	0	0	1	NA	NA	NA	NA	NA
k121_569903_3	818	1726	909	-1	0.584	11	GGAG/GAGG	NA	NA	NA	0	0	0	1	NA	NA	NA	NA	NA
k121_569903_4	1723	2616	894	-1	0.615	11	AGGAG	NA	NA	NA	0	0	0	1	NA	NA	NA	NA	NA
k121_569903_5	2613	2837	225	-1	0.644	11	None	NA	NA	NA	0	0	0	1	NA	NA	NA	NA	NA
k121_26053_1	3	1358	1356	-1	0.621	11	None	NA	NA	NA	0	0	0	1	NA	NA	NA	NA	NA
k121_26053_2	2722	3141	420	1	0.610	11	None	NA	NA	NA	0	0	0	1	NA	NA	NA	NA	NA
k121_352484_1	3	191	189	1	0.693	11	None	NA	NA	NA	0	0	0	1	NA	NA	NA	NA	NA
k121_352484_2	541	1881	1341	1	0.658	11	GGAGG	NA	NA	NA	0	0	0	1	NA	NA	NA	NA	NA
k121_352484_3	2119	3291	1173	1	0.679	11	GGAG/GAGG	GENOMAD.079747.PP	1.05e-22	104	0	0	0	1	NA	NA	NA	NA	NA
k121_352484_4	3824	4282	459	-1	0.654	11	None	NA	NA	NA	0	0	0	1	NA	NA	NA	NA	NA
k121_497712_1	1	612	612	-1	0.675	11	None	NA	NA	NA	0	0	0	1	NA	NA	NA	NA	NA
k121_497712_2	644	2851	2208	-1	0.696	11	GGA/GAG/AGG	GENOMAD.145698.CP	3.44e-13	76	0	0	0	1	NA	NA	NA	PF03929;COG3182;K03863	PepSY-associated TM region
k121_497712_3	2865	3338	474	-1	0.652	11	GGAG/GAGG	GENOMAD.146540.PC	3.033e-75	248	0	0	0	1	NA	NA	NA	PF10029;COG3656;K14053	Predicted periplasmic protein
k121_497712_4	3369	3749	381	-1	0.659	11	AGGAG	GENOMAD.109556.PP	3.505e-26	105	0	0	0	1	NA	NA	NA	NA	NA
k121_497712_5	3975	4277	303	-1	0.673	11	GGA/GAG/AGG	GENOMAD.189518.PC	1.234e-25	102	0	0	0	1	NA	NA	NA	PF13670;COG5591	Peptidase propeptide and YPEB domain
k121_497712_6	4418	5089	672	1	0.664	11	GGA/GAG/AGG	GENOMAD.124526.CP	1.396e-05	48	0	0	0	1	NA	NA	NF000402	PF16968;K18941;TIGR02915;COG4567	PEP-CTERM-box response regulator transcription factor
k121_497712_7	5074	6447	1374	1	0.708	11	None	NA	NA	NA	0	0	0	1	NA	NA	NA	NA	NA
k121_497712_8	6489	7214	726	1	0.704	11	GGA/GAG/AGG	NA	NA	NA	0	0	0	1	NA	NA	NA	NA	NA
k121_497712_9	7248	7778	531	1	0.648	11	None	GENOMAD.154872.CP	1.064e-70	236	0	0	0	1	NA	NA	NA	PF08547;K18159	Complex I intermediate-associated protein 30 (CIA30)
k121_497712_10	7784	10225	2442	-1	0.670	11	GGA/GAG/AGG	GENOMAD.121525.CP	5.406e-11	69	0	0	0	1	NA	NA	NA	PF01571;PF08669;COG0404;TIGR00528;K06980	Glycine cleavage system T protein (aminomethyltransferase)
k121_497712_11	10222	11115	894	-1	0.673	11	GGAGG	GENOMAD.181841.CP	2.67e-11	67	0	0	0	1	NA	NA	NF033068	PF01636;K07251;TIGR02721;COG3570	thiamine kinase
k121_497712_12	11244	12338	1095	1	0.680	11	None	GENOMAD.151916.PC	4.137e-05	48	0	0	0	2561	Caudoviricetes	NA	NA	PF02608;COG1609;TIGR02417;K02529	DNA-binding transcriptional regulator, LacI/PurR family
k121_497712_13	12335	13165	831	-1	0.700	11	None	NA	NA	NA	0	0	0	1	NA	NA	NA	NA	NA
k121_497712_14	13162	14004	843	-1	0.650	11	GGAG/GAGG	NA	NA	NA	0	0	0	1	NA	NA	NA	NA	NA
k121_497712_15	14018	14980	963	-1	0.705	11	AGGA/GGAG/GAGG	GENOMAD.161358.CP	4.36e-07	54	0	0	0	1	NA	NA	NA	PF00294;TIGR03168;COG1105;K18478	hexose kinase, 1-phosphofructokinase family
k121_497712_16	15108	16205	1098	1	0.676	11	GGAGG	NA	NA	NA	0	0	0	1	NA	NA	NA	NA	NA
k121_497712_17	16202	17095	894	1	0.686	11	GGA/GAG/AGG	GENOMAD.158749.PC	7.144e-70	240	0	0	0	1	NA	NA	NA	PF01261;K03335;TIGR04379;COG3623	myo-inosose-2 dehydratase
k121_497712_18	17108	18268	1161	1	0.694	11	GGA/GAG/AGG	NA	NA	NA	0	0	0	1	NA	NA	NA	NA	NA
k121_497712_19	18279	21722	3444	-1	0.665	11	GGA/GAG/AGG	GENOMAD.121781.CP	5.258e-75	279	0	0	0	1	NA	NA	NA	PF02436;PF00682;PF00364;TIGR01108;K01960;COG5016	oxaloacetate decarboxylase alpha subunit
k121_280288_1	3	1028	1026	1	0.589	11	None	NA	NA	NA	0	0	0	1	NA	NA	NA	NA	NA
k121_280288_2	1025	1783	759	1	0.601	11	GGAG/GAGG	NA	NA	NA	0	0	0	1	NA	NA	NA	NA	NA
k121_280288_3	1794	3380	1587	1	0.611	11	GGA/GAG/AGG	NA	NA	NA	0	0	0	1	NA	NA	NA	NA	NA
k121_280288_4	3384	4034	651	1	0.641	11	GGA/GAG/AGG	GENOMAD.195753.PC	4.024e-66	225	0	0	0	1	NA	NA	NA	PF06187;TIGR00674;COG0329;K01714	4-hydroxy-tetrahydrodipicolinate synthase
k121_497767_1	252	356	105	1	0.190	4	TAA	NA	NA	NA	0	0	0	1	NA	NA	NA	NA	NA
k121_497767_2	363	857	495	1	0.289	4	TAA	NA	NA	NA	0	0	0	1	NA	NA	NA	NA	NA
k121_497767_3	870	2075	1206	-1	0.354	4	TAA	NA	NA	NA	0	0	0	1	NA	NA	NA	NA	NA
k121_497767_4	2088	2678	591	-1	0.228	4	TAA	NA	NA	NA	0	0	0	1	NA	NA	NA	NA	NA
k121_497767_5	2912	3022	111	-1	0.333	4	TAA	NA	NA	NA	0	0	0	1	NA	NA	NA	NA	NA
k121_606450_1	90	644	555	-1	0.368	11	None	NA	NA	NA	0	0	0	1	NA	NA	NA	NA	NA
k121_606450_2	698	1108	411	-1	0.372	11	AGGAG	NA	NA	NA	0	0	0	1	NA	NA	NA	NA	NA
k121_606450_3	1175	1375	201	-1	0.353	11	AGGA	NA	NA	NA	0	0	0	1	NA	NA	NA	NA	NA
k121_606450_4	1485	1862	378	-1	0.333	11	None	NA	NA	NA	0	0	0	1	NA	NA	NA	NA	NA
k121_606450_5	1837	2127	291	-1	0.337	11	None	NA	NA	NA	0	0	0	1	NA	NA	NA	NA	NA
k121_606450_6	2244	2405	162	-1	0.309	11	AGGAG	NA	NA	NA	0	0	0	1	NA	NA	NA	NA	NA
k121_606450_7	2495	3211	717	1	0.464	11	None	NA	NA	NA	0	0	0	1	NA	NA	NA	NA	NA
k121_441890_1	222	1025	804	1	0.653	11	None	NA	NA	NA	0	0	0	1	NA	NA	NA	NA	NA
k121_441890_2	1027	1227	201	1	0.677	11	None	NA	NA	NA	0	0	0	1	NA	NA	NA	NA	NA
k121_441890_3	1224	2024	801	1	0.659	11	GGAG/GAGG	NA	NA	NA	0	0	0	1	NA	NA	NA	NA	NA
k121_441890_4	2360	2812	453	1	0.609	11	GGA/GAG/AGG	NA	NA	NA	0	0	0	1	NA	NA	NA	NA	NA
k121_606620_1	1	1086	1086	-1	0.476	11	AAAAA	GENOMAD.002761.PP	3.046e-13	74	0	1	0	1	NA	MOBQ	NA	PF03389;TIGR02768;K18434	MobA/MobL family
k121_80916_1	2	217	216	1	0.718	11	None	NA	NA	NA	0	0	0	1	NA	NA	NA	NA	NA
k121_80916_2	441	1751	1311	-1	0.678	11	GGAG/GAGG	GENOMAD.161562.PC	6.535e-10	64	0	0	0	1	NA	NA	NA	PF13701	Transposase DDE domain group 1
k121_80916_3	1926	3011	1086	1	0.662	11	GGA/GAG/AGG	GENOMAD.141904.PC	7.469e-26	113	0	0	0	1	NA	NA	NA	COG3666;K07487	Transposase
k121_80916_4	3239	3337	99	1	0.505	11	AGGAG	NA	NA	NA	0	0	0	1	NA	NA	NA	NA	NA
k121_824081_1	39	269	231	1	0.381	11	None	NA	NA	NA	0	0	0	1	NA	NA	NA	NA	NA
k121_824081_2	437	1183	747	-1	0.388	11	TAA	NA	NA	NA	0	0	0	1	NA	NA	NA	NA	NA
k121_824081_3	1202	2773	1572	-1	0.396	11	AAAAA	NA	NA	NA	0	0	0	1	NA	NA	NA	NA	NA
k121_824081_4	3266	3391	126	-1	0.278	11	None	NA	NA	NA	0	0	0	1	NA	NA	NA	NA	NA
k121_842117_1	2	664	663	-1	0.383	11	AGGA	GENOMAD.086833.PP	0.0005453	43	0	1	0	1	NA	NA	NA	PF02195;TIGR04285;COG1475;K03497	nucleoid occlusion protein
k121_842117_2	706	1182	477	-1	0.356	11	None	NA	NA	NA	0	0	0	1	NA	NA	NA	NA	NA
k121_208626_1	254	1144	891	1	0.631	11	AGGAG	NA	NA	NA	0	0	0	1	NA	NA	NA	NA	NA
k121_208626_2	1157	2350	1194	1	0.669	11	None	GENOMAD.178418.PC	2.794e-06	52	0	0	0	1	NA	NA	NA	PF14319;COG1996;TIGR02605	Transposase zinc-binding domain
k121_208626_3	2347	2580	234	1	0.581	11	GGAG/GAGG	NA	NA	NA	0	0	0	1	NA	NA	NA	NA	NA
k121_208626_4	2767	3603	837	-1	0.630	11	GGAG/GAGG	GENOMAD.145713.CP	4.973e-13	72	0	0	0	1	NA	NA	NA	PF00582;K14055;COG0589;TIGR00289	Nucleotide-binding universal stress protein,  UspA family
k121_208626_5	3784	3903	120	1	0.658	11	GGA/GAG/AGG	NA	NA	NA	0	0	0	1	NA	NA	NA	NA	NA
k121_63784_1	3	452	450	1	0.344	11	None	NA	NA	NA	0	0	0	1	NA	NA	NA	NA	NA
k121_63784_2	707	1408	702	1	0.246	11	ATA	NA	NA	NA	0	0	0	1	NA	NA	NA	NA	NA
k121_63784_3	1608	4559	2952	-1	0.283	11	TATATA	GENOMAD.059887.PP	0.0006613	46	0	0	0	1	NA	NA	NA	PF18796	NA
k121_63784_4	4647	5000	354	-1	0.229	11	ATATA	NA	NA	NA	0	0	0	1	NA	NA	NA	NA	NA
k121_63784_5	5071	6447	1377	-1	0.288	11	TATA	NA	NA	NA	0	0	0	1	NA	NA	NA	NA	NA
k121_63784_6	6692	6805	114	-1	0.298	11	None	NA	NA	NA	0	0	0	1	NA	NA	NA	NA	NA
k121_589000_1	3	686	684	1	0.564	11	None	NA	NA	NA	0	0	0	1	NA	NA	NA	NA	NA
k121_589000_2	828	2162	1335	1	0.643	11	GGAGG	GENOMAD.112985.CP	5.087e-39	155	0	0	0	2561	Caudoviricetes	NA	NA	PF01134;PF14691;PF17179;PF12798;K15022;TIGR01316;COG0493	glutamate synthase (NADPH), homotetrameric
k121_589000_3	2174	3484	1311	1	0.632	11	AGGA	GENOMAD.161357.CP	6.031e-111	366	1	0	0	1	NA	NA	NA	PF01180;K17723;TIGR01037;COG0167	dihydroorotate dehydrogenase (subfamily 1) family protein
k121_589000_4	3587	4339	753	1	0.647	11	GGA/GAG/AGG	GENOMAD.132491.CP	4.353e-63	218	0	0	0	1	NA	NA	NA	PF15977;PF00027;K15861;TIGR03697;COG0664	global nitrogen regulator NtcA, cyanobacterial
k121_589000_5	4404	5246	843	1	0.665	11	GGAG/GAGG	GENOMAD.158147.PC	5.207e-29	120	0	0	0	1	NA	NA	NA	PF00582;COG0589;K14055	Nucleotide-binding universal stress protein,  UspA family
k121_589000_6	5257	5622	366	1	0.656	11	AGGAG	NA	NA	NA	0	0	0	1	NA	NA	NA	NA	NA
k121_589000_7	5692	6801	1110	1	0.651	11	None	GENOMAD.140328.CP	1.226e-11	69	0	0	0	2561	Caudoviricetes	NA	NA	PF00180;K00031;TIGR00127;COG0538	isocitrate dehydrogenase, NADP-dependent, eukaryotic type
k121_589000_8	6969	8252	1284	1	0.645	11	GGAG/GAGG	GENOMAD.170805.CP	7.661e-07	54	0	0	0	1	NA	NA	NA	NA	NA
k121_589000_9	8399	9025	627	-1	0.627	11	AGxAGG/AGGxGG	GENOMAD.192180.CP	9.647e-43	157	0	0	0	1	NA	NA	NA	PF09209;TIGR03613	pyrimidine utilization regulatory protein R
k121_589000_10	9111	9887	777	1	0.634	11	GGAGG	NA	NA	NA	0	0	0	1	NA	NA	NA	NA	NA
k121_589000_11	9888	10790	903	1	0.640	11	GGAG/GAGG	NA	NA	NA	0	0	0	1	NA	NA	NA	NA	NA
k121_589000_12	10787	11557	771	1	0.630	11	GGxGG	NA	NA	NA	0	0	0	1	NA	NA	NA	NA	NA
k121_589000_13	11596	12588	993	1	0.642	11	GGAGG	NA	NA	NA	0	0	0	1	NA	NA	NA	NA	NA
k121_589000_14	12659	14113	1455	1	0.646	11	AGGAG	GENOMAD.121906.CP	5.577e-08	58	0	0	0	1	NA	NA	NA	PF07969;TIGR03178;COG0402;K01466	allantoinase
k121_589000_15	14169	14963	795	1	0.643	11	GGAG/GAGG	NA	NA	NA	0	0	0	1	NA	NA	NA	NA	NA
k121_589000_16	14963	15193	231	1	0.641	11	None	GENOMAD.116426.PP	1.187e-08	52	0	0	0	1	NA	NA	NA	NA	NA
k121_589000_17	15228	15305	78	1	0.628	11	GGA/GAG/AGG	NA	NA	NA	0	0	0	1	NA	NA	NA	NA	NA
k121_172621_1	2	97	96	-1	0.312	11	AAA	NA	NA	NA	0	0	0	1	NA	NA	NA	NA	NA
k121_172621_2	124	453	330	-1	0.388	11	TAAA	NA	NA	NA	0	0	0	1	NA	NA	NA	NA	NA
k121_172621_3	481	1887	1407	-1	0.318	11	TAA	NA	NA	NA	0	0	0	1	NA	NA	NA	NA	NA
k121_172621_4	2064	2231	168	1	0.435	11	AAAA	NA	NA	NA	0	0	0	1	NA	NA	NA	NA	NA
k121_172621_5	2275	2658	384	1	0.339	11	None	NA	NA	NA	0	0	0	1	NA	NA	NA	NA	NA
k121_172621_6	2777	3058	282	1	0.355	11	None	NA	NA	NA	0	0	0	1	NA	NA	NA	NA	NA
k121_172621_7	3254	3469	216	1	0.366	11	AATAA	NA	NA	NA	0	0	0	1	NA	NA	NA	NA	NA
k121_317465_1	2	202	201	1	0.413	11	None	NA	NA	NA	0	0	0	1	NA	NA	NA	NA	NA
k121_317465_2	497	1834	1338	-1	0.445	11	None	GENOMAD.207084.PV	0.0009691	44	0	1	0	1	NA	NA	NA	PF11740;PF17078;K18737	Plasmid replication region DNA-binding N-term; SWI5-dependent HO expression protein 3
k121_172983_1	579	2006	1428	1	0.543	11	GGA/GAG/AGG	NA	NA	NA	0	0	0	1	NA	NA	NA	NA	NA
k121_172983_2	2016	3455	1440	1	0.583	11	GGAG/GAGG	GENOMAD.167609.CP	6.558e-09	61	0	0	0	1	NA	NA	NA	PF06779;K08221;TIGR00710;COG0738	drug resistance transporter, Bcr/CflA subfamily
k121_172983_3	4682	6895	2214	1	0.570	11	GGAG/GAGG	NA	NA	NA	0	0	0	1	NA	NA	NA	NA	NA
k121_172983_4	7026	7676	651	1	0.648	11	GGA/GAG/AGG	GENOMAD.161744.PV	0.0002487	44	0	0	0	2561	Caudoviricetes	NA	NA	NA	NA
k121_172983_5	7758	7856	99	1	0.434	11	GGA/GAG/AGG	NA	NA	NA	0	0	0	1	NA	NA	NA	NA	NA
k121_172983_6	7950	8099	150	1	0.553	11	AGGA	NA	NA	NA	0	0	0	1	NA	NA	NA	NA	NA
k121_172983_7	8107	8481	375	-1	0.611	11	None	GENOMAD.171910.PC	3.643e-41	148	0	0	0	1	NA	NA	NA	PF06134;K01820;COG4952;TIGR02629	L-rhamnose isomerase
k121_535358_1	188	1414	1227	-1	0.607	11	GGA/GAG/AGG	GENOMAD.178320.PC	3.578e-17	87	0	0	0	1	NA	NA	NA	PF05990;COG4782;TIGR03230	Esterase/lipase superfamily enzyme
k121_535358_2	2531	3379	849	1	0.564	11	GGA/GAG/AGG	GENOMAD.205408.PC	3.448e-39	150	0	0	0	1	NA	NA	NA	PF13387	NA
k121_753135_1	2	751	750	-1	0.715	11	GGA/GAG/AGG	NA	NA	NA	0	0	0	1	NA	NA	NA	NA	NA
k121_753135_2	754	2517	1764	-1	0.659	11	GGA/GAG/AGG	NA	NA	NA	0	0	0	1	NA	NA	NA	NA	NA
k121_753135_3	2463	3149	687	-1	0.671	11	None	NA	NA	NA	0	0	0	1	NA	NA	NA	NA	NA
k121_753135_4	3202	3399	198	-1	0.667	11	None	NA	NA	NA	0	0	0	1	NA	NA	NA	NA	NA
k121_771584_1	2	568	567	1	0.437	11	None	NA	NA	NA	0	0	0	1	NA	NA	NA	NA	NA
k121_771584_2	620	1018	399	1	0.429	11	TAAAA	NA	NA	NA	0	0	0	1	NA	NA	NA	NA	NA
k121_771584_3	1037	2725	1689	1	0.409	11	AAAAA	NA	NA	NA	0	0	0	1	NA	NA	NA	NA	NA
k121_771584_4	2835	3098	264	1	0.386	11	TAAA	NA	NA	NA	0	0	0	1	NA	NA	NA	NA	NA
k121_771584_5	3095	3508	414	-1	0.355	11	AAAA	NA	NA	NA	0	0	0	1	NA	NA	NA	NA	NA
k121_771584_6	3662	3967	306	1	0.399	11	None	NA	NA	NA	0	0	0	1	NA	NA	NA	NA	NA
k121_771584_7	4102	4422	321	1	0.364	11	None	NA	NA	NA	0	0	0	1	NA	NA	NA	NA	NA
k121_100313_1	3	92	90	1	0.300	11	None	NA	NA	NA	0	0	0	1	NA	NA	NA	NA	NA
k121_100313_2	152	2620	2469	1	0.360	11	AAA	NA	NA	NA	0	0	0	1	NA	NA	NA	NA	NA
k121_100313_3	2637	3329	693	1	0.378	11	TAAA	GENOMAD.212411.PC	2.612e-50	180	0	0	0	1	NA	NA	NA	PF19993;COG3106;TIGR00041;K07893	Double-GTPase 2
k121_553827_1	3	269	267	-1	0.371	11	GGA/GAG/AGG	NA	NA	NA	0	0	0	1	NA	NA	NA	NA	NA
k121_553827_2	276	671	396	-1	0.419	11	AGxAGG/AGGxGG	NA	NA	NA	0	0	0	1	NA	NA	NA	NA	NA
k121_553827_3	664	936	273	-1	0.432	11	GGA/GAG/AGG	NA	NA	NA	0	0	0	1	NA	NA	NA	NA	NA
k121_553827_4	1185	1934	750	-1	0.424	11	AGGA	NA	NA	NA	0	0	0	1	NA	NA	NA	NA	NA
k121_553827_5	1961	2713	753	-1	0.448	11	AGGAG	NA	NA	NA	0	0	0	1	NA	NA	NA	NA	NA
k121_553827_6	2733	3152	420	-1	0.405	11	GGAG/GAGG	NA	NA	NA	0	0	0	1	NA	NA	NA	NA	NA
k121_553827_7	3145	3339	195	-1	0.415	11	None	NA	NA	NA	0	0	0	1	NA	NA	NA	NA	NA
k121_753680_1	2	439	438	-1	0.573	11	None	NA	NA	NA	0	0	0	1	NA	NA	NA	NA	NA
k121_753680_2	645	1271	627	-1	0.539	11	GGAG/GAGG	NA	NA	NA	0	0	0	1	NA	NA	NA	NA	NA
k121_753680_3	1285	2712	1428	-1	0.578	11	GGA/GAG/AGG	GENOMAD.181181.CP	3.126e-05	49	0	0	0	1	NA	NA	NA	PF14501;K11623;COG3920	Two-component sensor histidine kinase, HisKA and HATPase domains
k121_753680_4	3255	3422	168	1	0.601	11	GGA/GAG/AGG	NA	NA	NA	0	0	0	1	NA	NA	NA	NA	NA
k121_844024_1	3	152	150	-1	0.600	11	None	NA	NA	NA	0	0	0	1	NA	NA	NA	NA	NA
k121_844024_2	199	633	435	1	0.614	11	GGAGG	NA	NA	NA	0	0	0	1	NA	NA	NA	NA	NA
k121_844024_3	718	1209	492	1	0.636	11	None	NA	NA	NA	0	0	0	1	NA	NA	NA	NA	NA
k121_844024_4	1227	1745	519	1	0.665	11	None	NA	NA	NA	0	0	0	1	NA	NA	NA	NA	NA
k121_844024_5	1681	2403	723	-1	0.541	11	AGGAG	NA	NA	NA	0	0	0	1	NA	NA	NA	NA	NA
k121_844024_6	2474	2956	483	-1	0.640	11	None	GENOMAD.024074.PP	1.78e-22	96	0	0	0	1	NA	NA	NA	NA	NA
k121_844024_7	3225	3404	180	-1	0.600	11	None	GENOMAD.151229.PV	6.897e-07	46	0	0	0	1	NA	NA	NA	PF13737	Transposase DDE domain
k121_65446_1	2	1060	1059	-1	0.411	11	AATAA	NA	NA	NA	0	0	0	1	NA	NA	NA	NA	NA
k121_65446_2	1161	1460	300	1	0.407	11	AAAA	NA	NA	NA	0	0	0	1	NA	NA	NA	NA	NA
k121_65446_3	1518	2273	756	-1	0.393	11	TAA	NA	NA	NA	0	0	0	1	NA	NA	NA	NA	NA
k121_65446_4	2547	3119	573	1	0.429	11	TAAAA	NA	NA	NA	0	0	0	1	NA	NA	NA	NA	NA
k121_427569_1	1	591	591	1	0.536	11	None	NA	NA	NA	0	0	0	1	NA	NA	NA	NA	NA
k121_427569_2	597	1568	972	-1	0.527	11	TAAA	NA	NA	NA	0	0	0	1	NA	NA	NA	NA	NA
k121_427569_3	1602	1943	342	-1	0.412	11	TAA	NA	NA	NA	0	0	0	1	NA	NA	NA	NA	NA
k121_427569_4	1972	2529	558	-1	0.444	11	TAAA	GENOMAD.091239.PP	2.386e-19	88	0	0	0	1	NA	NA	NA	COG3447	Integral membrane sensor domain MASE1
k121_427569_5	2963	3676	714	1	0.532	11	AAA	NA	NA	NA	0	0	0	1	NA	NA	NA	NA	NA
k121_427569_6	3680	3865	186	-1	0.495	11	None	NA	NA	NA	0	0	0	1	NA	NA	NA	NA	NA
k121_500340_1	3	4940	4938	1	0.643	11	None	GENOMAD.167810.CP	1.821e-05	52	0	0	0	1	NA	NA	NA	NA	NA
k121_754066_1	2	304	303	-1	0.650	11	GGAGG	NA	NA	NA	0	0	0	1	NA	NA	NA	NA	NA
k121_754066_2	308	1396	1089	-1	0.609	11	GGA/GAG/AGG	GENOMAD.121868.CP	4.822e-06	51	0	0	0	1	NA	NA	NA	PF00528;K15581;TIGR02789;COG0601	nickel ABC transporter, permease subunit NikB
k121_754066_3	1434	3350	1917	-1	0.621	11	GGAG/GAGG	GENOMAD.166182.PC	2.348e-05	50	0	0	0	1	NA	NA	NA	PF00496;TIGR04028;COG4166;K13889	ABC transporter substrate binding protein, KPN_01854 family
k121_844635_1	36	1019	984	-1	0.591	11	GGAG/GAGG	NA	NA	NA	0	0	0	1	NA	NA	NA	NA	NA
k121_844635_2	1016	1897	882	-1	0.590	11	None	GENOMAD.147246.CP	0.0004884	44	0	0	0	1	NA	NA	NA	PF00528;COG4239;K15582	ABC-type microcin C transport system, permease component YejE
k121_844635_3	1878	2822	945	-1	0.593	11	3Base/5BMM	NA	NA	NA	0	0	0	1	NA	NA	NA	NA	NA
k121_844635_4	2881	3921	1041	-1	0.594	11	None	NA	NA	NA	0	0	0	1	NA	NA	NA	NA	NA
k121_337657_1	1	1068	1068	1	0.668	11	None	NA	NA	NA	0	0	0	1	NA	NA	NA	NA	NA
k121_337657_2	1168	2220	1053	1	0.639	11	GGA/GAG/AGG	NA	NA	NA	0	0	0	1	NA	NA	NA	NA	NA
k121_337657_3	2421	2795	375	1	0.784	11	GGA/GAG/AGG	NA	NA	NA	0	0	0	1	NA	NA	NA	NA	NA
k121_645618_1	1	156	156	-1	0.436	11	TAA	NA	NA	NA	0	0	0	1	NA	NA	NA	NA	NA
k121_645618_2	522	2552	2031	-1	0.310	11	None	NA	NA	NA	0	0	0	1	NA	NA	NA	NA	NA
k121_138425_1	3	686	684	1	0.661	11	None	GENOMAD.180957.PC	3.369e-35	136	0	0	0	1	NA	NA	NA	PF04954;PF09297;K22344;COG4530	NA
k121_138425_2	683	1648	966	1	0.672	11	GGAG/GAGG	GENOMAD.138179.CP	1.335e-09	62	0	0	0	1	NA	NA	NA	PF05138;PF00175;K02613;TIGR02158;COG3396	phenylacetate-CoA oxygenase, PaaI subunit
k121_138425_3	1658	2698	1041	1	0.628	11	GGA/GAG/AGG	NA	NA	NA	0	0	0	1	NA	NA	NA	NA	NA
k121_138425_4	2695	3114	420	-1	0.626	11	None	NA	NA	NA	0	0	0	1	NA	NA	NA	NA	NA
k121_66446_1	1	111	111	-1	0.288	11	None	NA	NA	NA	0	0	0	1	NA	NA	NA	NA	NA
k121_66446_2	98	2380	2283	-1	0.289	11	TAA	NA	NA	NA	0	0	0	1	NA	NA	NA	NA	NA
k121_66446_3	2506	2598	93	-1	0.204	11	None	NA	NA	NA	0	0	0	1	NA	NA	NA	NA	NA
k121_283743_1	192	446	255	1	0.620	11	GGAG/GAGG	NA	NA	NA	0	0	0	1	NA	NA	NA	NA	NA
k121_283743_2	598	1344	747	1	0.589	11	GGAGG	NA	NA	NA	0	0	0	1	NA	NA	NA	NA	NA
k121_283743_3	1404	1571	168	1	0.542	11	GGA/GAG/AGG	NA	NA	NA	0	0	0	1	NA	NA	NA	NA	NA
k121_283743_4	2109	3500	1392	-1	0.563	11	GGA/GAG/AGG	NA	NA	NA	0	0	0	1	NA	NA	NA	NA	NA
k121_283743_5	3796	3936	141	1	0.624	11	GGA/GAG/AGG	NA	NA	NA	0	0	0	1	NA	NA	NA	NA	NA
k121_175582_1	494	2368	1875	-1	0.447	11	AGGAG/GGAGG	NA	NA	NA	0	0	0	1	NA	NA	NA	NA	NA
k121_374980_1	136	1608	1473	-1	0.625	11	GGA/GAG/AGG	NA	NA	NA	0	0	0	1	NA	NA	NA	NA	NA
k121_374980_2	1605	2141	537	-1	0.615	11	GGA/GAG/AGG	NA	NA	NA	0	0	0	1	NA	NA	NA	NA	NA
k121_374980_3	2363	2797	435	1	0.533	11	None	NA	NA	NA	0	0	0	1	NA	NA	NA	NA	NA
k121_175630_1	3	134	132	-1	0.402	11	AGGAG	NA	NA	NA	0	0	0	1	NA	NA	NA	NA	NA
k121_175630_2	203	430	228	-1	0.377	11	GGA/GAG/AGG	NA	NA	NA	0	0	0	1	NA	NA	NA	NA	NA
k121_175630_3	448	654	207	-1	0.430	11	AGxAGG/AGGxGG	NA	NA	NA	0	0	0	1	NA	NA	NA	NA	NA
k121_175630_4	792	1289	498	-1	0.341	11	GGA/GAG/AGG	NA	NA	NA	0	0	0	1	NA	NA	NA	NA	NA
k121_175630_5	1469	2689	1221	-1	0.461	11	GGAG/GAGG	NA	NA	NA	0	0	0	1	NA	NA	NA	NA	NA
k121_175630_6	2689	3087	399	-1	0.516	11	None	NA	NA	NA	0	0	0	1	NA	NA	NA	NA	NA
k121_574448_1	2	232	231	-1	0.528	11	GGA/GAG/AGG	NA	NA	NA	0	0	0	1	NA	NA	NA	NA	NA
k121_574448_2	237	425	189	-1	0.540	11	None	GENOMAD.208379.PC	1.236e-23	94	0	0	0	1	NA	NA	NA	NA	NA
k121_574448_3	422	1363	942	-1	0.546	11	GGA/GAG/AGG	NA	NA	NA	0	0	0	1	NA	NA	NA	NA	NA
k121_574448_4	1360	2307	948	-1	0.540	11	GGA/GAG/AGG	NA	NA	NA	0	0	0	1	NA	NA	NA	NA	NA
k121_574448_5	2423	2584	162	-1	0.568	11	None	NA	NA	NA	0	0	0	1	NA	NA	NA	NA	NA
k121_429478_1	3	98	96	1	0.677	11	None	NA	NA	NA	0	0	0	1	NA	NA	NA	NA	NA
k121_429478_2	214	2109	1896	1	0.665	11	GGAGG	NA	NA	NA	0	0	0	1	NA	NA	NA	NA	NA
k121_429478_3	2125	2730	606	-1	0.691	11	None	NA	NA	NA	0	0	0	1	NA	NA	NA	NA	NA
k121_574693_1	3	1433	1431	1	0.645	11	None	NA	NA	NA	0	0	0	1	NA	NA	NA	NA	NA
k121_574693_2	1516	2088	573	1	0.660	11	None	NA	NA	NA	0	0	0	1	NA	NA	NA	NA	NA
k121_574693_3	2607	3515	909	-1	0.657	11	None	NA	NA	NA	0	0	0	1	NA	NA	NA	NA	NA
k121_249059_1	516	749	234	1	0.291	11	None	GENOMAD.195537.PV	6.998e-07	47	0	0	0	1	NA	NA	NA	PF20038	NA
k121_249059_2	792	1151	360	-1	0.336	11	GGA/GAG/AGG	NA	NA	NA	0	0	0	1	NA	NA	NA	NA	NA
k121_249059_3	1136	1405	270	-1	0.330	11	None	NA	NA	NA	0	0	0	1	NA	NA	NA	NA	NA
k121_249059_4	1677	1859	183	1	0.306	11	GGAG/GAGG	NA	NA	NA	0	0	0	1	NA	NA	NA	NA	NA
k121_249059_5	1925	2563	639	-1	0.307	11	None	NA	NA	NA	0	0	0	1	NA	NA	NA	NA	NA
k121_375573_1	1	198	198	-1	0.636	11	None	NA	NA	NA	0	0	0	1	NA	NA	NA	NA	NA
k121_375573_2	195	434	240	-1	0.600	11	GGA/GAG/AGG	NA	NA	NA	0	0	0	1	NA	NA	NA	NA	NA
k121_375573_3	769	1818	1050	1	0.594	11	GGAG/GAGG	GENOMAD.138294.CP	6.946e-15	79	0	0	0	1	NA	NA	NA	PF13416;PF16339;K02055;TIGR03261;COG4134	putative 2-aminoethylphosphonate ABC transporter, periplasmic 2-aminoethylphosphonate-binding protein
k121_375573_4	1868	2725	858	1	0.632	11	4Base/6BMM	GENOMAD.125776.CP	6.671e-18	87	0	0	0	1	NA	NA	NA	PF00528;K02054;TIGR01253;COG1175	thiamine ABC transporter, permease protein
k121_375573_5	2712	3482	771	1	0.624	11	AGxAGG/AGGxGG	NA	NA	NA	0	0	0	1	NA	NA	NA	NA	NA
k121_375573_6	3515	4939	1425	1	0.598	11	GGAG/GAGG	NA	NA	NA	0	0	0	1	NA	NA	NA	NA	NA
k121_375573_7	4936	5283	348	1	0.621	11	GGAG/GAGG	GENOMAD.178861.PC	6.582e-55	187	0	0	0	1	NA	NA	NA	PF05899;COG3450	Predicted enzyme of the cupin superfamily
k121_375573_8	5299	5643	345	1	0.583	11	AGGA	GENOMAD.178861.PC	4.248e-67	222	0	0	0	1	NA	NA	NA	PF05899;COG3450	Predicted enzyme of the cupin superfamily
k121_375573_9	5640	7151	1512	1	0.632	11	3Base/5BMM	NA	NA	NA	0	0	0	1	NA	NA	NA	NA	NA
k121_375573_10	7454	8500	1047	-1	0.622	11	AGGA	GENOMAD.192712.PC	1.069e-68	239	0	0	0	1	NA	NA	NA	PF00532;K11930;TIGR02955;COG4213	TMAO reductase system periplasmic protein TorT
k121_375573_11	8675	11518	2844	1	0.648	11	None	GENOMAD.142686.CP	1.341e-10	68	0	0	0	1	NA	NA	NA	K19691;COG3159	NA
k121_375573_12	11466	12185	720	-1	0.631	11	None	NA	NA	NA	0	0	0	1	NA	NA	NA	NA	NA
k121_375573_13	12345	13283	939	1	0.608	11	GGAGG	GENOMAD.154410.CP	7.375e-06	50	0	0	0	1	NA	NA	NA	PF04069;K02002;TIGR03414;COG2113	choline ABC transporter, periplasmic binding protein
k121_375573_14	13356	14381	1026	1	0.640	11	GGA/GAG/AGG	NA	NA	NA	0	0	0	1	NA	NA	NA	NA	NA
k121_375573_15	14378	16336	1959	1	0.641	11	GGA/GAG/AGG	GENOMAD.146738.CP	5.718e-13	75	0	0	0	1	NA	NA	NA	PF00528;COG4986;TIGR03262;K15552	ABC-type anion transport system, duplicated permease component
k121_375573_16	16380	17477	1098	1	0.648	11	None	NA	NA	NA	0	0	0	1	NA	NA	NA	NA	NA
k121_375573_17	17717	18382	666	1	0.562	11	GGAG/GAGG	NA	NA	NA	0	0	0	1	NA	NA	NA	NA	NA
k121_375573_18	18454	18630	177	-1	0.576	11	GGA/GAG/AGG	NA	NA	NA	0	0	0	1	NA	NA	NA	NA	NA
k121_375573_19	18853	19530	678	1	0.540	11	GGAG/GAGG	NA	NA	NA	0	0	0	1	NA	NA	NA	NA	NA
k121_375573_20	19540	20484	945	1	0.558	11	GGA/GAG/AGG	NA	NA	NA	0	0	0	1	NA	NA	NA	NA	NA
k121_375573_21	20481	21539	1059	1	0.551	11	None	NA	NA	NA	0	0	0	1	NA	NA	NA	NA	NA
k121_375573_22	21541	23211	1671	1	0.556	11	GGA/GAG/AGG	NA	NA	NA	0	0	0	1	NA	NA	NA	NA	NA
k121_375573_23	23131	24165	1035	-1	0.578	11	3Base/5BMM	NA	NA	NA	0	0	0	1	NA	NA	NA	NA	NA
k121_375573_24	24172	25248	1077	-1	0.563	11	GGA/GAG/AGG	GENOMAD.126777.CP	6.647e-24	107	0	0	0	2561	Caudoviricetes	NA	NA	PF17912;PF03459;COG3585;TIGR00638	MalK OB fold domain; TOBE domain
k121_375573_25	25543	26781	1239	1	0.546	11	AGGAG	GENOMAD.121007.CP	5.111e-45	172	0	0	0	1	NA	NA	NA	PF02030;K10227;TIGR03850;COG2182	carbohydrate ABC transporter substrate-binding protein, CPR_0540 family
k121_375573_26	26845	27750	906	1	0.528	11	GGA/GAG/AGG	NA	NA	NA	0	0	0	1	NA	NA	NA	NA	NA
k121_375573_27	27747	28586	840	1	0.533	11	GGAG/GAGG	GENOMAD.119384.CP	5.076e-05	47	0	0	0	1	NA	NA	NA	PF00528;K02054;COG4132;TIGR01253	ABC-type uncharacterized transport system, permease component
k121_375573_28	28583	29338	756	1	0.574	11	GGA/GAG/AGG	NA	NA	NA	0	0	0	1	NA	NA	NA	NA	NA
k121_375573_29	29351	30397	1047	1	0.549	11	GGA/GAG/AGG	NA	NA	NA	0	0	0	1	NA	NA	NA	NA	NA
k121_375573_30	30415	31143	729	1	0.549	11	GGAG/GAGG	GENOMAD.158421.CP	8.356e-06	49	0	0	0	1	NA	NA	NA	PF07702;PF15977;COG2188;TIGR02325;K03710	DNA-binding transcriptional regulator, GntR family
k121_375573_31	31143	31991	849	1	0.558	11	GGA/GAG/AGG	NA	NA	NA	0	0	0	1	NA	NA	NA	NA	NA
k121_375573_32	32601	33227	627	1	0.561	11	GGAGG	GENOMAD.142894.CP	5.786e-08	55	0	0	0	1	NA	NA	NA	K05835;COG1279	Arginine exporter protein ArgO
k121_375573_33	33350	33805	456	-1	0.654	11	None	NA	NA	NA	0	0	0	1	NA	NA	NA	NA	NA
k121_375573_34	34396	35451	1056	1	0.655	11	GGA/GAG/AGG	GENOMAD.126777.CP	1.088e-06	53	0	0	0	2561	Caudoviricetes	NA	NA	PF17912;PF03459;COG3585;TIGR00638	MalK OB fold domain; TOBE domain
k121_375573_35	35451	36368	918	1	0.644	11	None	GENOMAD.125776.CP	2.288e-25	110	0	0	0	1	NA	NA	NA	PF00528;K02054;TIGR01253;COG1175	thiamine ABC transporter, permease protein
k121_375573_36	36365	37168	804	1	0.613	11	None	GENOMAD.119384.CP	2.764e-07	54	0	0	0	1	NA	NA	NA	PF00528;K02054;COG4132;TIGR01253	ABC-type uncharacterized transport system, permease component
k121_375573_37	37182	38219	1038	1	0.609	11	GGAG/GAGG	GENOMAD.152308.CP	1.131e-12	72	0	0	0	1	NA	NA	NA	PF13416;K11069;TIGR03227;COG4134	2-aminoethylphosphonate ABC transporter, periplasmic 2-aminoethylphosphonate binding protein
k121_375573_38	38422	39342	921	1	0.557	11	AGGAGG	GENOMAD.151587.PC	3.616e-73	250	0	0	0	1	NA	NA	NA	PF13610;COG4584	Transposase
k121_375573_39	39659	43090	3432	-1	0.518	11	GGAG/GAGG	GENOMAD.014246.VV	1.596e-13	78	0	0	0	2561	Caudoviricetes	NA	NA	NA	NA
k121_375573_40	43106	43372	267	-1	0.599	11	AGGA/GGAG/GAGG	NA	NA	NA	0	0	0	1	NA	NA	NA	NA	NA
k121_375573_41	43876	43974	99	-1	0.505	11	GGAG/GAGG	NA	NA	NA	0	0	0	1	NA	NA	NA	NA	NA
k121_375573_42	44079	44237	159	1	0.572	11	GGA/GAG/AGG	NA	NA	NA	0	0	0	1	NA	NA	NA	NA	NA
k121_375573_43	44549	45172	624	-1	0.643	11	None	NA	NA	NA	0	0	0	1	NA	NA	NA	NA	NA
k121_13130_1	1	471	471	-1	0.645	11	GGA/GAG/AGG	NA	NA	NA	0	0	0	1	NA	NA	NA	NA	NA
k121_13130_2	1254	2507	1254	-1	0.624	11	GGAG/GAGG	NA	NA	NA	0	0	0	1	NA	NA	NA	NA	NA
k121_13130_3	2570	3874	1305	-1	0.607	11	None	NA	NA	NA	0	0	0	1	NA	NA	NA	NA	NA
k121_810162_1	1	129	129	-1	0.488	11	AAAA	NA	NA	NA	0	0	0	1	NA	NA	NA	NA	NA
k121_810162_2	311	523	213	-1	0.347	11	None	NA	NA	NA	0	0	0	1	NA	NA	NA	NA	NA
k121_810162_3	545	766	222	-1	0.414	11	AATAA	NA	NA	NA	0	0	0	1	NA	NA	NA	NA	NA
k121_810162_4	775	3435	2661	-1	0.368	11	None	NA	NA	NA	0	0	0	1	NA	NA	NA	NA	NA
k121_339306_1	2	1213	1212	-1	0.443	11	None	GENOMAD.083960.PC	4.216e-43	166	0	1	0	1	NA	F_traG	NA	PF07916;TIGR03782	Bacteroides conjugative transposon TraJ protein
k121_103403_1	2	466	465	1	0.596	11	None	NA	NA	NA	0	0	0	1	NA	NA	NA	NA	NA
k121_103403_2	1354	1626	273	-1	0.509	11	AGGAGG	NA	NA	NA	0	0	0	1	NA	NA	NA	NA	NA
k121_103403_3	1794	2198	405	1	0.568	11	AGGAG	NA	NA	NA	0	0	0	1	NA	NA	NA	NA	NA
k121_103403_4	2257	3681	1425	-1	0.497	11	AGGA/GGAG/GAGG	NA	NA	NA	0	0	0	1	NA	NA	NA	NA	NA
k121_103403_5	4291	4800	510	1	0.563	11	AGGAG	GENOMAD.121652.PV	5.39e-09	57	0	1	0	8016	Inoviridae	NA	NA	PF01446;COG5655	Plasmid rolling circle replication initiator protein REP and truncated derivatives
k121_230753_1	2	259	258	-1	0.508	11	GGAG/GAGG	NA	NA	NA	0	0	0	1	NA	NA	NA	NA	NA
k121_230753_2	678	2132	1455	1	0.621	11	None	NA	NA	NA	0	0	0	1	NA	NA	NA	NA	NA
k121_230753_3	2213	2491	279	-1	0.502	11	AGGAG	NA	NA	NA	0	0	0	1	NA	NA	NA	NA	NA
k121_230753_4	2554	2778	225	-1	0.538	11	GGAG/GAGG	NA	NA	NA	0	0	0	1	NA	NA	NA	NA	NA
k121_629704_1	3	947	945	1	0.679	11	None	GENOMAD.176645.CP	1.159e-32	132	0	0	0	1	NA	NA	NA	PF13514;COG1195;TIGR00606;K03546	AAA domain
k121_629704_2	944	1699	756	-1	0.644	11	AGGAG	NA	NA	NA	0	0	0	1	NA	NA	NA	NA	NA
k121_629704_3	1711	2358	648	-1	0.701	11	GGAG/GAGG	GENOMAD.190398.CP	6.467e-31	123	0	0	0	1	NA	NA	NA	PF13468;TIGR03081;COG3185;K05606	Glyoxalase-like domain
k121_629704_4	2627	3217	591	1	0.631	11	GGAG/GAGG	GENOMAD.109755.PP	4.487e-12	67	0	0	0	1	NA	NA	NA	PF07886	BA14K-like protein
k121_629704_5	3452	3808	357	1	0.661	11	None	NA	NA	NA	0	0	0	1	NA	NA	NA	NA	NA
k121_629704_6	4502	6532	2031	1	0.643	11	GGA/GAG/AGG	NA	NA	NA	0	0	0	1	NA	NA	NA	NA	NA
k121_629704_7	6513	7955	1443	-1	0.701	11	GGAG/GAGG	NA	NA	NA	0	0	0	1	NA	NA	NA	NA	NA
k121_629704_8	7942	9375	1434	-1	0.665	11	None	GENOMAD.195315.VV	0.0005288	45	0	0	0	11844	Phycodnaviridae	NA	NA	PF05899	EutQ-like cupin domain
k121_629704_9	9666	10076	411	1	0.608	11	None	GENOMAD.162222.CP	0.0002768	42	0	0	0	1	NA	NA	NA	PF20024;TIGR04472;K15973;COG2005	mobile rSAM pair MarR family regulator
k121_629704_10	10094	10672	579	-1	0.620	11	None	GENOMAD.091239.PP	1.868e-12	68	0	0	0	1	NA	NA	NA	COG3447	Integral membrane sensor domain MASE1
k121_629704_11	10854	11609	756	-1	0.659	11	AGGAG	NA	NA	NA	0	0	0	1	NA	NA	NA	NA	NA
k121_629704_12	11619	12650	1032	-1	0.648	11	AGGAG	NA	NA	NA	0	0	0	1	NA	NA	NA	NA	NA
k121_629704_13	12665	13897	1233	-1	0.652	11	GGA/GAG/AGG	NA	NA	NA	0	0	0	1	NA	NA	NA	NA	NA
k121_629704_14	13905	14792	888	-1	0.627	11	GGAG/GAGG	GENOMAD.127112.CP	4.513e-09	60	0	0	0	1	NA	NA	NA	PF00701;COG0329;TIGR02313;K01714	Dihydrodipicolinate synthase/N-acetylneuraminate lyase
k121_629704_15	14874	15605	732	1	0.646	11	GGAG/GAGG	GENOMAD.148067.PC	2.09e-07	54	0	0	0	1	NA	NA	NA	PF07840;K22293;TIGR03338;COG1802	phosphonate utilization associated transcriptional regulator
k121_629704_16	15670	16401	732	1	0.669	11	GGAGG	GENOMAD.137340.CP	3.41e-31	125	0	0	0	1	NA	NA	NA	PF13531;K02020;TIGR01256;COG0725	molybdenum ABC transporter, periplasmic molybdate-binding protein
k121_304098_1	2	1984	1983	1	0.577	11	None	NA	NA	NA	0	0	0	1	NA	NA	NA	NA	NA
k121_304098_2	2114	3175	1062	1	0.573	11	AGGA/GGAG/GAGG	GENOMAD.191521.CP	5.482e-91	304	0	0	0	1	NA	NA	NA	PF10994;COG4073;K14054	Succinylglutamate desuccinylase / Aspartoacylase family
k121_304098_3	3172	3966	795	1	0.540	11	GGA/GAG/AGG	NA	NA	NA	0	0	0	1	NA	NA	NA	NA	NA
k121_321865_1	2	265	264	-1	0.701	11	GGAG/GAGG	NA	NA	NA	0	0	0	1	NA	NA	NA	NA	NA
k121_321865_2	461	1597	1137	1	0.680	11	AGGAG	NA	NA	NA	0	0	0	1	NA	NA	NA	NA	NA
k121_321865_3	1794	2753	960	1	0.674	11	GGAG/GAGG	NA	NA	NA	0	0	0	1	NA	NA	NA	NA	NA
k121_902230_1	198	875	678	-1	0.490	11	AGGAG	NA	NA	NA	0	0	0	1	NA	NA	NA	NA	NA
k121_902230_2	893	1732	840	-1	0.470	11	None	GENOMAD.181310.PC	3.116e-07	54	0	0	0	1	NA	NA	NA	PF02517	Type II CAAX prenyl endopeptidase Rce1-like
k121_902230_3	1923	2207	285	1	0.509	11	GGAG/GAGG	NA	NA	NA	0	0	0	1	NA	NA	NA	NA	NA
k121_902230_4	2188	2595	408	-1	0.576	11	GGxGG	NA	NA	NA	0	0	0	1	NA	NA	NA	NA	NA
k121_902230_5	3094	3336	243	1	0.556	11	AGGA	NA	NA	NA	0	0	0	1	NA	NA	NA	NA	NA
k121_902230_6	3580	4839	1260	1	0.544	11	AGGAG	GENOMAD.121777.PV	2.508e-30	128	0	1	0	8016	Inoviridae	NA	NA	PF01446;COG5655	Replication protein
k121_902485_1	3	836	834	-1	0.374	11	TAA	GENOMAD.151095.PV	2.195e-29	121	0	0	0	2561	Caudoviricetes	NA	NA	PF01076	Plasmid recombination enzyme
k121_902485_2	1107	1469	363	-1	0.303	11	TAA	NA	NA	NA	0	0	0	1	NA	NA	NA	NA	NA
k121_902485_3	1475	2449	975	-1	0.314	11	TAA	GENOMAD.168699.VP	2.445e-15	80	0	0	0	2561	Caudoviricetes	NA	NA	PF01051;COG5527	Protein involved in initiation of plasmid replication
k121_902485_4	2976	3365	390	-1	0.374	11	None	NA	NA	NA	0	0	0	1	NA	NA	NA	NA	NA
k121_104897_1	1	729	729	-1	0.414	11	None	GENOMAD.121777.PV	7.682e-30	121	0	1	0	8016	Inoviridae	NA	NA	PF01446;COG5655	Replication protein
k121_104897_2	1124	1324	201	1	0.433	11	GGAG/GAGG	NA	NA	NA	0	0	0	1	NA	NA	NA	NA	NA
k121_902819_1	1	828	828	-1	0.361	11	AAAA	GENOMAD.151095.PV	5.14e-25	108	0	0	0	2561	Caudoviricetes	NA	NA	PF01076	Plasmid recombination enzyme
k121_902819_2	1121	2137	1017	-1	0.326	11	None	NA	NA	NA	0	0	0	1	NA	NA	NA	NA	NA
k121_902819_3	2387	2554	168	1	0.387	11	AATAA	NA	NA	NA	0	0	0	1	NA	NA	NA	NA	NA
k121_902819_4	2491	2829	339	-1	0.327	11	None	NA	NA	NA	0	0	0	1	NA	NA	NA	NA	NA
k121_87824_1	3	1115	1113	-1	0.675	11	None	GENOMAD.126782.PC	1.647e-22	103	0	1	0	1	NA	NA	NA	PF14319;COG5655	Transposase zinc-binding domain
k121_704222_1	2	1912	1911	-1	0.632	11	AGGA	NA	NA	NA	0	0	0	1	NA	NA	NA	NA	NA
k121_704222_2	2086	2397	312	1	0.615	11	GGAGG	NA	NA	NA	0	0	0	1	NA	NA	NA	NA	NA
k121_704222_3	2397	2714	318	1	0.632	11	GGA/GAG/AGG	NA	NA	NA	0	0	0	1	NA	NA	NA	NA	NA
k121_264622_1	2	325	324	-1	0.599	11	AGGAG	NA	NA	NA	0	0	0	1	NA	NA	NA	NA	NA
k121_264622_2	574	780	207	1	0.565	11	GGA/GAG/AGG	NA	NA	NA	0	0	0	1	NA	NA	NA	NA	NA
k121_264622_3	940	2190	1251	1	0.524	11	GGAG/GAGG	GENOMAD.214067.PC	1.526e-87	297	0	0	0	1	NA	NA	NA	PF02544;TIGR04571	3-oxo-5-alpha-steroid 4-dehydrogenase
k121_264622_4	2524	2670	147	-1	0.599	11	None	NA	NA	NA	0	0	0	1	NA	NA	NA	NA	NA
k121_559167_1	3	194	192	-1	0.568	11	GGxGG	NA	NA	NA	0	0	0	1	NA	NA	NA	NA	NA
k121_559167_2	305	439	135	-1	0.570	11	None	NA	NA	NA	0	0	0	1	NA	NA	NA	NA	NA
k121_559167_3	574	1665	1092	1	0.632	11	GGA/GAG/AGG	GENOMAD.197355.CP	1.162e-06	53	0	0	0	1	NA	NA	NA	PF03881;K02204;TIGR00938;COG2334	homoserine kinase, Neisseria type
k121_559167_4	1669	3003	1335	1	0.593	11	GGAG/GAGG	NA	NA	NA	0	0	0	1	NA	NA	NA	NA	NA
k121_559167_5	3533	3880	348	1	0.603	11	GGAGG	GENOMAD.147810.PC	9.416e-11	60	0	0	0	1	NA	NA	NA	NA	NA
k121_559167_6	3952	4290	339	1	0.628	11	3Base/5BMM	GENOMAD.136913.PC	6.957e-13	66	0	0	0	1	NA	NA	NA	COG3293	Transposase
k121_559167_7	4410	4493	84	1	0.452	11	GGAGG	NA	NA	NA	0	0	0	1	NA	NA	NA	NA	NA
k121_812902_1	248	1774	1527	-1	0.636	11	None	GENOMAD.075534.PP	9.661e-19	93	0	0	0	1	NA	NA	NA	NA	NA
k121_812902_2	1850	2206	357	-1	0.627	11	GGA/GAG/AGG	NA	NA	NA	0	0	0	1	NA	NA	NA	NA	NA
k121_812902_3	2203	2637	435	-1	0.651	11	GGAG/GAGG	GENOMAD.121916.PC	1.757e-15	75	0	0	0	1	NA	NA	NA	PF07141;COG2963	Transposase and inactivated derivatives
k121_812902_4	3182	3436	255	-1	0.557	11	None	NA	NA	NA	0	0	0	1	NA	NA	NA	NA	NA
k121_831227_1	101	1006	906	-1	0.361	11	GGAGG	NA	NA	NA	0	0	0	1	NA	NA	NA	NA	NA
k121_831227_2	999	1736	738	-1	0.366	11	AGGAGG	NA	NA	NA	0	0	0	1	NA	NA	NA	NA	NA
k121_831227_3	1815	2297	483	-1	0.387	11	None	NA	NA	NA	0	0	0	1	NA	NA	NA	NA	NA
k121_831227_4	2589	2975	387	1	0.491	11	None	NA	NA	NA	0	0	0	1	NA	NA	NA	NA	NA
k121_831227_5	2972	3307	336	-1	0.399	11	AGGA	NA	NA	NA	0	0	0	1	NA	NA	NA	NA	NA
k121_831227_6	3495	4019	525	1	0.398	11	GGA/GAG/AGG	NA	NA	NA	0	0	0	1	NA	NA	NA	NA	NA
k121_88318_1	3	314	312	1	0.679	11	None	NA	NA	NA	0	0	0	1	NA	NA	NA	NA	NA
k121_88318_2	510	2129	1620	1	0.649	11	GGxGG	NA	NA	NA	0	0	0	1	NA	NA	NA	NA	NA
k121_88318_3	2117	2854	738	-1	0.619	11	None	NA	NA	NA	0	0	0	1	NA	NA	NA	NA	NA
k121_523783_1	216	581	366	1	0.536	11	GGAG/GAGG	NA	NA	NA	0	0	0	1	NA	NA	NA	NA	NA
k121_523783_2	1304	1483	180	1	0.544	11	GGAG/GAGG	NA	NA	NA	0	0	0	1	NA	NA	NA	NA	NA
k121_523783_3	2134	2241	108	1	0.639	11	AGGA	NA	NA	NA	0	0	0	1	NA	NA	NA	NA	NA
k121_523783_4	2298	3386	1089	-1	0.636	11	GGA/GAG/AGG	NA	NA	NA	0	0	0	1	NA	NA	NA	NA	NA
k121_523783_5	3799	6204	2406	-1	0.602	11	GGAG/GAGG	GENOMAD.181065.PC	1.066e-10	68	0	0	0	1	NA	NA	NA	COG4625	Uncharacterized conserved protein, contains a C-terminal beta-barrel porin domain
k121_523783_6	6313	6522	210	-1	0.529	11	GGA/GAG/AGG	NA	NA	NA	0	0	0	1	NA	NA	NA	NA	NA
k121_523783_7	6706	7248	543	1	0.610	11	GGAG/GAGG	NA	NA	NA	0	0	0	1	NA	NA	NA	NA	NA
k121_523783_8	7389	9005	1617	-1	0.605	11	GGAGG	NA	NA	NA	0	0	0	1	NA	NA	NA	NA	NA
k121_523783_9	9426	10979	1554	1	0.652	11	AGGAG	GENOMAD.145654.CP	8.126e-168	535	0	0	0	1	NA	NA	NA	PF06253;COG5598;TIGR02369	Trimethylamine:corrinoid methyltransferase
k121_523783_10	10992	11108	117	1	0.650	11	GGA/GAG/AGG	NA	NA	NA	0	0	0	1	NA	NA	NA	NA	NA
k121_161354_1	1	414	414	-1	0.415	11	TAA	NA	NA	NA	0	0	0	1	NA	NA	NA	NA	NA
k121_161354_2	441	851	411	-1	0.377	11	AAA	GENOMAD.168457.PC	5.263e-07	50	0	0	0	1	NA	NA	NA	PF10130;K07063;TIGR00305;COG2402	putative toxin-antitoxin system toxin component, PIN family
k121_161354_3	848	1159	312	-1	0.365	11	TAA	NA	NA	NA	0	0	0	1	NA	NA	NA	NA	NA
k121_161354_4	1171	3792	2622	-1	0.381	11	None	NA	NA	NA	0	0	0	1	NA	NA	NA	NA	NA
k121_541392_1	2	127	126	1	0.302	11	None	NA	NA	NA	0	0	0	1	NA	NA	NA	NA	NA
k121_541392_2	349	1896	1548	1	0.334	11	TAAA	NA	NA	NA	0	0	0	1	NA	NA	NA	NA	NA
k121_541392_3	1977	2711	735	1	0.341	11	TAA	NA	NA	NA	0	0	0	1	NA	NA	NA	NA	NA
k121_759331_1	2	466	465	1	0.637	11	None	NA	NA	NA	0	0	0	1	NA	NA	NA	NA	NA
k121_759331_2	492	1001	510	1	0.576	11	GGAG/GAGG	GENOMAD.132403.CP	9.949e-13	68	0	0	0	1	NA	NA	NA	PF04290;COG4665;K11689	TRAP-type mannitol/chloroaromatic compound transport system, small permease component
k121_759331_3	1003	2340	1338	1	0.602	11	GGA/GAG/AGG	GENOMAD.143046.CP	0.0001164	47	0	0	0	1	NA	NA	NA	COG4664	TRAP-type mannitol/chloroaromatic compound transport system, large permease component
k121_759331_4	2394	2825	432	1	0.639	11	AGGAG	NA	NA	NA	0	0	0	1	NA	NA	NA	NA	NA
k121_233408_1	3	743	741	-1	0.629	11	GGA/GAG/AGG	NA	NA	NA	0	0	0	1	NA	NA	NA	NA	NA
k121_233408_2	985	2265	1281	1	0.661	11	AGGA	NA	NA	NA	0	0	0	1	NA	NA	NA	NA	NA
k121_233408_3	2258	2506	249	1	0.639	11	GGAG/GAGG	NA	NA	NA	0	0	0	1	NA	NA	NA	NA	NA
k121_397241_1	1055	2347	1293	1	0.387	11	AAA	NA	NA	NA	0	0	0	1	NA	NA	NA	NA	NA
k121_397241_2	2436	2870	435	-1	0.303	11	None	NA	NA	NA	0	0	0	1	NA	NA	NA	NA	NA
k121_379082_1	1	414	414	1	0.283	4	None	NA	NA	NA	0	0	0	1	NA	NA	NA	NA	NA
k121_379082_2	610	1134	525	-1	0.257	4	None	NA	NA	NA	0	0	0	1	NA	NA	NA	NA	NA
k121_379082_3	1216	1443	228	-1	0.355	4	TAA	NA	NA	NA	0	0	0	1	NA	NA	NA	NA	NA
k121_379082_4	1456	1980	525	-1	0.290	4	TAA	NA	NA	NA	0	0	0	1	NA	NA	NA	NA	NA
k121_379082_5	2001	2801	801	-1	0.281	4	None	NA	NA	NA	0	0	0	1	NA	NA	NA	NA	NA
k121_668991_1	83	859	777	-1	0.604	11	GGAG/GAGG	NA	NA	NA	0	0	0	1	NA	NA	NA	NA	NA
k121_668991_2	847	2418	1572	-1	0.579	11	GGxGG	NA	NA	NA	0	0	0	1	NA	NA	NA	NA	NA
k121_668991_3	2418	2942	525	-1	0.589	11	None	NA	NA	NA	0	0	0	1	NA	NA	NA	NA	NA
k121_433431_1	3	149	147	1	0.340	11	None	NA	NA	NA	0	0	0	1	NA	NA	NA	NA	NA
k121_433431_2	344	619	276	-1	0.431	11	None	NA	NA	NA	0	0	0	1	NA	NA	NA	NA	NA
k121_433431_3	612	857	246	-1	0.419	11	AGGAG	NA	NA	NA	0	0	0	1	NA	NA	NA	NA	NA
k121_433431_4	935	1987	1053	-1	0.359	11	None	NA	NA	NA	0	0	0	1	NA	NA	NA	NA	NA
k121_433431_5	1980	2255	276	-1	0.373	11	GGAGG	NA	NA	NA	0	0	0	1	NA	NA	NA	NA	NA
k121_180157_1	17	304	288	1	0.368	11	None	NA	NA	NA	0	0	0	1	NA	NA	NA	NA	NA
k121_180157_2	367	759	393	-1	0.351	11	None	NA	NA	NA	0	0	0	1	NA	NA	NA	NA	NA
k121_180157_3	880	1179	300	-1	0.370	11	AGGAG	NA	NA	NA	0	0	0	1	NA	NA	NA	NA	NA
k121_180157_4	1259	1609	351	-1	0.348	11	GGAG/GAGG	NA	NA	NA	0	0	0	1	NA	NA	NA	NA	NA
k121_180157_5	1670	1963	294	-1	0.395	11	AGGAG	NA	NA	NA	0	0	0	1	NA	NA	NA	NA	NA
k121_180157_6	2110	2382	273	-1	0.355	11	None	NA	NA	NA	0	0	0	1	NA	NA	NA	NA	NA
k121_180157_7	2454	2675	222	-1	0.446	11	None	NA	NA	NA	0	0	0	1	NA	NA	NA	NA	NA
k121_684536_1	3	569	567	-1	0.633	11	GGA/GAG/AGG	NA	NA	NA	0	0	0	1	NA	NA	NA	NA	NA
k121_684536_2	742	2352	1611	1	0.642	11	GGA/GAG/AGG	NA	NA	NA	0	0	0	1	NA	NA	NA	NA	NA
k121_684536_3	2349	3524	1176	1	0.660	11	GGAG/GAGG	NA	NA	NA	0	0	0	1	NA	NA	NA	NA	NA
k121_543049_1	55	282	228	1	0.610	11	GGA/GAG/AGG	NA	NA	NA	0	0	0	1	NA	NA	NA	NA	NA
k121_543049_2	279	1010	732	1	0.628	11	AGxAGG/AGGxGG	NA	NA	NA	0	0	0	1	NA	NA	NA	NA	NA
k121_543049_3	1014	1763	750	1	0.624	11	None	NA	NA	NA	0	0	0	1	NA	NA	NA	NA	NA
k121_543049_4	1644	2111	468	-1	0.585	11	None	NA	NA	NA	0	0	0	1	NA	NA	NA	NA	NA
k121_543049_5	2225	2623	399	-1	0.604	11	None	NA	NA	NA	0	0	0	1	NA	NA	NA	NA	NA
k121_447338_1	3	755	753	1	0.571	11	None	GENOMAD.182365.PC	4.367e-06	50	0	0	0	1	NA	NA	NA	PF02694;K18925	Uncharacterised BCR, YnfA/UPF0060 family
k121_447338_2	845	1651	807	1	0.382	11	GGAG/GAGG	NA	NA	NA	0	0	0	1	NA	NA	NA	NA	NA
k121_447338_3	1720	1842	123	1	0.480	11	GGA/GAG/AGG	NA	NA	NA	0	0	0	1	NA	NA	NA	NA	NA
k121_447338_4	1968	2639	672	-1	0.527	11	GGA/GAG/AGG	NA	NA	NA	0	0	0	1	NA	NA	NA	NA	NA
k121_447338_5	2599	2928	330	-1	0.445	11	None	NA	NA	NA	0	0	0	1	NA	NA	NA	NA	NA
k121_469628_1	3	704	702	1	0.638	11	None	NA	NA	NA	0	0	0	1	NA	NA	NA	NA	NA
k121_469628_2	714	1259	546	1	0.601	11	GGAG/GAGG	GENOMAD.140723.CP	4.037e-21	93	0	0	0	1	NA	NA	NA	PF17805;PF02295;K05800;COG1522;TIGR02702	DNA-binding transcriptional regulator, Lrp family
k121_469628_3	1276	1554	279	-1	0.552	11	AGGA/GGAG/GAGG	NA	NA	NA	0	0	0	1	NA	NA	NA	NA	NA
k121_469628_4	1941	2618	678	-1	0.529	11	GGA/GAG/AGG	NA	NA	NA	0	0	0	1	NA	NA	NA	NA	NA
k121_469628_5	2701	3165	465	-1	0.585	11	None	NA	NA	NA	0	0	0	1	NA	NA	NA	NA	NA
